N-gram,Tần suất,Dịch
ok,1599,okay
banchan,483,banchan
sushi,316,sushi
sashimi,258,sashimi
combo,248,combo
tomyum,206,tomyum
decor,159,decor
tokbokki,147,tokbokki
udon,128,udon
ramen,116,ramen
kimchi,96,kimchi
is,94,is
hòa,67,hòa
tiktok,66,tiktok
kimbap,65,kimbap
miso,64,miso
tùy,63,tuỳ
bbq,60,bbq
tempura,53,tempura
hihi,53,hihi
vibe,51,vibe
mandu,50,mandu
yum,50,yum
busan,50,busan
google,48,google
it,47,it
of,43,of
cafe,43,cafe
up,41,up
vnđ,41,Việt Nam Đồng
gogi,40,gogi
matcha,38,matcha
hóa,37,hóa
wc,33,water closet
michelin,32,michelin
gg,32,google
ah,31,à
wifi,28,wifi
okay,28,okay
facebook,27,facebook
huhu,27,huhu
recommended,26,recommended
bulgogi,25,bulgogi
khỏe,25,khỏe
seoul,23,seoul
mini,23,mini
haha,23,haha
kichi,23,kichi
saigon,22,sài gòn
mama,20,mama
teriyaki,19,teriyaki
haru,19,haru
tủy,18,tuỷ
bitexco,17,bitexco
cari,17,cari
vincom,17,vincom
izakaya,16,izakaya
haidilao,16,haidilao
qr,15,mã qr
seeding,14,seeding
dimsum,13,dimsum
pm,13,private message
or,13,hoặc
pepsi,13,pepsi
takoyaki,13,takoyaki
we,13,we
vien,13,viên
ka,13,karai
if,12,if
maps,12,maps
online,12,online
chivago,12,chivago
matchandeul,12,matchandeul
youtube,12,youtube
kk,12,kk
mochi,12,mochi
soba,12,soba
morico,11,morico
hanmaeum,11,hanmaeum
tiktoker,10,tiktoker
thỏa,10,thỏa
fanpage,10,fanpage
osaka,10,osaka
ph,10,phường
as,10,á
vv,9,vân vân
chiyoda,9,chiyoda
gthieu,9,giới thiệu
khóa,9,khóa
vietnamesefood,9,vietnamese food
bingsu,9,bingsu
hanuri,9,hanuri
tòa,9,tòa
doran,9,doran
soju,8,soju
kobe,8,kobe
kohaku,8,kohaku
inox,8,inox
ovenmaru,8,ovenmaru
tp,8,thành phố
dungmachphuoc,8,dungmachphuoc
padthai,8,pad thai
zalo,8,zalo
nigiri,8,nigiri
hủy,8,huỷ
shopee,8,shopee
marukame,8,marukame
hancook,8,hancook
bornga,8,bornga
tonkotsu,8,tonkotsu
nhưg,8,nhưng
shushi,8,shushi
hotline,8,hotline
sasimi,8,sasimi
tọa,8,tọa
kum,7,kum
chaud,7,chaud
yaourt,7,yaourt
ps,7,postscript
okiela,7,okiela
constancereportfood,7,constancereportfood
wagyu,7,wagyu
koh,7,koh
ak,7,ạ
korea,7,korea
okla,7,okela
kimpap,7,kimpap
thủy,7,thuỷ
hk,7,không
bv,7,bệnh viện
panacota,7,panacota
hongkong,7,hong kong
hokkaido,7,hokkaido
galbi,7,galbi
vd,7,ví dụ
bonchon,7,bonchon
hagstag,7,hagstag
nt,7,nhắn tin
dj,7,disc jockey
dookki,7,dookki
at,7,at
siuu,7,siuu
joseon,7,joseon
dv,7,dịch vụ
omg,6,oh my god
manmaru,6,manmaru
sach,6,sach
hbbq,6,hbbq
karai,6,karai
somtum,6,somtum
secc,6,secc
nuớc,6,nước
gr,6,group
toptop,6,toptop
trl,6,trả lời
kfc,6,kfc
xx,6,xx
châ,6,châ
ngêu,6,ngêu
tojy,6,tojy
seafood,6,seafood
fai,6,phải
thich,6,thich
kpop,6,kpop
singapore,6,singapore
vani,6,vani
ns,6,nói
inbox,6,inbox
ctkm,6,chương trình khuyến mãi
tm,6,thương mại
ngol,6,ngon
tonkatsu,6,tonkatsu
cbi,6,chuẩn bị
parc,6,parc
àh,6,à
yukata,6,yukata
checkin,6,checkin
bh,6,bây giờ
ôtô,5,ôtô
aqn,5,aqn
bf,5,boyfriend
buzza,5,buzza
gyu,5,gyu
champong,5,champong
trainning,5,trainning
đg,5,đang
tks,5,thanks
đii,5,đi
aroi,5,aroi
tl,5,trả lời
pos,5,point of sale
vietnam,5,vietnam
ashima,5,ashima
nươ,5,nước
bik,5,biết
reviews,5,reviews
zô,5,vô
mookata,5,mookata
daeji,5,daeji
alacarte,5,alacarte
dokki,5,dokki
lm,5,làm
logo,5,logo
áa,5,á
vhm,5,vạn hạnh mall
qán,5,quán
tivi,5,tivi
mieng,5,mieng
latte,5,latte
metro,5,metro
mă,5,mắc
xl,5,xin lỗi
ac,5,anh chị
xóa,5,xóa
options,5,options
hơp,5,hợp
shashimi,5,shashimi
jjambbong,5,jjambbong
ji,5,ji
cm,5,comment
friends,5,friends
nathalie,5,nathalie
gimbap,5,gimbap
mic,5,microphone
tolet,5,tolet
okk,5,okk
gamjatang,5,gamjatang
nhée,5,nhé
shoyu,5,shoyu
foods,5,foods
kokoria,4,kokoria
pr,4,public relations
nhat,4,nhat
dthg,4,dễ thương
đươ,4,được
thưc,4,thưc
dg,4,đang
lah,4,lah
nhenn,4,nhen
mojito,4,mojito
ik,4,đi
ikigai,4,ikigai
trg,4,trong
taka,4,taka
họa,4,họa
iuu,4,yêu
grap,4,grap
kp,4,không phải
kisu,4,kisu
niboshi,4,niboshi
nilon,4,nilon
tôt,4,tốt
fanta,4,fanta
jjamppong,4,jjamppong
pasta,4,pasta
sl,4,số lượng
nilong,4,nilong
niku,4,niku
anw,4,ăn
unatoto,4,unatoto
gunkan,4,gunkan
arirang,4,arirang
nchuyen,4,nói chuyện
uki,4,uki
tỏa,4,tỏa
karaage,4,karaage
huong,4,huong
thien,4,thien
mplaza,4,mplaza
ntp,4,ntp
ôk,4,oke
pana,4,pana
gt,4,giới thiệu
khgian,4,không gian
ew,4,eww
bobae,4,bobae
keke,4,keke
jampong,4,jampong
shige,4,shige
oce,4,oce
hehehe,4,hehehe
lipton,4,lipton
tokboki,4,tokboki
recomment,4,recomment
lowkey,4,lowkey
dandan,4,dandan
soyum,4,soyum
has,4,has
quangchireview,4,quangchireview
suop,4,suop
qay,4,quay
tiramisu,4,tiramisu
yakult,4,yakult
yakitori,4,yakitori
lă,4,lă
ạh,4,ạ
zẻ,4,rẻ
qli,4,quản lý
hanoi,4,hanoi
ziên,4,viên
nữaa,4,nữa
vp,4,văn phòng
lâ,4,lâ
decord,4,decord
lươ,4,lượng
fanta,4,quá
highlands,4,highlands
carbonara,4,carbonara
sakura,4,sakura
tk,4,tài khoản
mìh,3,mình
btw,3,by the way
buffee,3,buffee
bestseller,3,bestseller
kara,3,kara
tomyam,3,tomyam
atiso,3,atiso
karage,3,karage
thailand,3,thailand
maafushi,3,maafushi
bulmakyeolsam,3,bulmakyeolsam
kbiet,3,không biết
kb,3,không biết
chashu,3,chashu
đh,3,đại học
zai,3,zai
satay,3,satay
thaifood,3,thaifood
okii,3,oki
ukila,3,ukila
tokyo,3,tokyo
tưoi,3,tươi
bokkum,3,bokkum
xuo,3,xuo
threads,3,threads
thuc,3,thuc
yc,3,yêu cầu
chx,3,chưa
ggmap,3,ggmap
sieu,3,sieu
nhiê,3,nhiê
gobchang,3,gobchang
pmai,3,phô mai
đâ,3,đâu
gogizip,3,gogizip
cholimex,3,cholimex
nhie,3,nhie
thâ,3,thâ
xitai,3,xitai
onsen,3,onsen
thg,3,thường
bluetooth,3,bluetooth
attp,3,attp
st,3,siêu thị
tobboki,3,tobboki
hêhhe,3,hêhhe
toboki,3,toboki
auth,3,authentic
thươngg,3,thương
pateso,3,pateso
jambon,3,jambon
jajangmyeon,3,jajangmyeon
tv,3,television
okei,3,okei
ncl,3,nói chung là
socola,3,socola
nek,3,nè
mooping,3,mooping
kong,3,kong
haizz,3,haizz
haiz,3,haiz
houjicha,3,houjicha
nyc,3,người yêu cũ
nx,3,nữa
customers,3,customers
samjang,3,samjang
vh,3,văn hóa
caffe,3,caffe
cb,3,chuẩn bị
tastes,3,tastes
ambiance,3,ambiance
nèe,3,nè
mocktail,3,mocktail
deli,3,deli
miê,3,miê
miya,3,miya
dep,3,dep
deco,3,deco
đẹpp,3,đẹp
toppokki,3,toppokki
deth,3,dễ thương
kv,3,khu vực
nữâa,3,nữa
shopeefood,3,shopeefood
takashimaya,3,takashimaya
hallyu,3,hallyu
bann,3,bann
khoing,3,không
notes,3,notes
tik,3,tik
nowzone,3,nowzone
luợng,3,lượng
aice,3,aice
portions,3,portions
bb,3,bye bye
bă,3,bă
đă,3,đă
sapporo,3,sapporo
luong,3,lượng
cgv,3,cgv
centre,3,centre
biêt,3,biêt
cug,3,cug
wao,3,wao
lémm,3,lémm
teok,3,teok
râ,3,rất
ht,3,hỗ trợ
tq,3,Trung Quốc
somtam,3,somtam
cs,3,cơ sở
ntmk,3,ntmk
places,2,places
shophouse,2,shophouse
tips,2,tips
hotate,2,hotate
thâyd,2,thâyd
homido,2,homido
tiep,2,tiep
hpbd,2,happy birthday
tobbokki,2,tobbokki
bancha,2,bancha
tminh,2,tminh
todaytuieat,2,todaytuieat
pla,2,pla
hinode,2,hinode
hyakumi,2,hyakumi
shiper,2,shiper
thươ,2,thương
hii,2,hii
basa,2,basa
nails,2,nails
musttry,2,musttry
ichihana,2,ichihana
airbnb,2,airbnb
lotteria,2,lotteria
mirinda,2,mirinda
akahouse,2,akahouse
lol,2,laugh out loud
pxl,2,pxl
alacart,2,alacart
pungnyeon,2,pungnyeon
missed,2,missed
sz,2,size
qc,2,quảng cáo
sôt,2,sôt
amai,2,amai
lagu,2,lagu
kông,2,không
kute,2,cute
ksao,2,không sao
ks,2,khách sạn
kratha,2,kratha
promo,2,promo
저는,2,저는
abc,2,abc
mekong,2,mekong
melyfood,2,melyfood
spoons,2,spoons
quanngonquan,2,quanngonquan
qtrong,2,quan trọng
quáaa,2,quá
quốckhánh,2,quốckhánh
qtam,2,quan tâm
mh,2,mình
mainara,2,mainara
machadeul,2,machadeul
michi,2,michi
제대로,2,제대로
kpi,2,key performance indicator
rabokki,2,rabokki
pls,2,please
thic,2,thích
jinsundae,2,jinsundae
thikfaybuk,2,thikfaybuk
japchae,2,japchae
thiê,2,bỏ
siro,2,siro
thiệnn,2,thiện
jambong,2,jambong
jambbong,2,jambbong
thoii,2,thôi
thot,2,thot
jollibee,2,jollibee
ipad,2,ipad
mắ,2,mắc
thuii,2,thôi
ingredients,2,ingredients
pnt,2,pnt
thuờng,2,thường
ilhaeng,2,ilhaeng
kakaka,2,kakaka
sochu,2,sochu
khônh,2,không
mopping,2,mopping
tantan,2,tantan
kiê,2,kiê
snhat,2,snhat
motek,2,motek
kid,2,kid
mr,2,mr
khôg,2,khôg
kake,2,kake
muh,2,muh
khaolao,2,khaolao
slices,2,slices
kdoanh,2,kdoanh
kco,2,kco
hihii,2,hihii
yaour,2,yaour
vibes,2,vibes
doesn,2,doesn
doki,2,doki
dooki,2,dooki
calmette,2,calmette
àa,2,à
douple,2,douple
viber,2,viber
nviên,2,nhân viên
dumplings,2,dumplings
cac,2,cac
veggies,2,veggies
dzẻ,2,dzẻ
cabonara,2,cabonara
viettel,2,viettel
zời,2,zời
nèee,2,nè
salads,2,salads
zị,2,zị
vk,2,vk
cappucino,2,cappucino
nđc,2,nđc
vivo,2,vivo
vivian,2,vivian
desserts,2,desserts
zới,2,với
samyang,2,samyang
ntt,2,ntt
caravelle,2,caravelle
fastfood,2,fastfood
sashimj,2,sashimj
parcmall,2,parcmall
umami,2,umami
ultr,2,u là trời
edamame,2,edamame
flavors,2,flavors
uii,2,uii
tựhàongườiviệtnam,2,tựhàongườiviệtnam
paro,2,paro
burger,2,burger
pannacotta,2,pannacotta
families,2,families
reco,2,reco
bve,2,bảo vệ
uô,2,uô
norang,2,norang
panacotta,2,panacotta
ănn,2,ăn
upsale,2,upsale
dec,2,dec
omakase,2,omakase
cheaper,2,cheaper
yuzu,2,yuzu
chasiu,2,chasiu
yakiniku,2,yakiniku
choioinoodle,2,choioinoodle
xứg,2,xứng
chugn,2,chugn
origami,2,origami
opla,2,ốp la
xuyen,2,xuyen
chếc,2,chết
xg,2,xong
rolls,2,rolls
others,2,others
cooked,2,cooked
coopmart,2,coopmart
vsattp,2,vsattp
cê,2,cê
overrated,2,overrated
cuti,2,cuti
cuzng,2,cuzng
câc,2,câc
sachi,2,sachi
zá,2,zá
od,2,od
cũnh,2,cũnh
cưc,2,cưc
saigonfoodie,2,saigonfoodie
vvt,2,vvt
dat,2,dat
vsinh,2,vsinh
cungc,2,cungc
zoi,2,zoi
rôti,2,rôti
oh,2,oh
tươg,2,tươg
hadilao,2,hadilao
foodtourbyanhanh,2,foodtourbyanhanh
nhiẹt,2,nhiẹt
nhiee,2,nhiee
nguời,2,nguời
nhieu,2,nhieu
nhièu,2,nhièu
gochu,2,gochu
setlunch,2,setlunch
giâ,2,giâ
giup,2,giup
hana,2,hana
đág,2,đág
handroll,2,handroll
ts,2,ts
bossam,2,bossam
tuk,2,tuk
nhm,2,nhm
phômai,2,phômai
hbt,2,hbt
nhoo,2,nhoo
genji,2,genji
ngot,2,ngot
phø,2,phø
tongdak,2,tongdak
tuoi,2,tuoi
grilling,2,grilling
guys,2,guys
gé,2,gé
served,2,served
toyum,2,toyum
đăc,2,đăc
gth,2,gth
gđinh,2,gđinh
gđình,2,gđình
groups,2,groups
tourists,2,tourists
phile,2,phile
haejangguk,2,haejangguk
hagl,2,hagl
refilled,2,refilled
hahaa,2,hahaa
bok,2,bok
gpt,2,gpt
ơii,2,ơii
gyoza,2,gyoza
nhât,2,nhât
sd,2,sd
hehee,2,hehee
tym,2,tym
nhéee,2,nhé
sgn,2,sgn
tuyê,2,tuyệt
tokk,2,tokk
sauces,2,sauces
đuợc,2,được
tìnhh,2,tìnhh
đth,2,đth
túy,2,túy
bento,2,bento
nhă,2,nhă
đuờng,2,đuờng
sdt,2,sdt
ngiu,2,ngiu
rẻe,1,rẻe
rấtt,1,rất
roasted,1,roasted
rùii,1,rùii
recoment,1,recoment
shoppefood,1,shoppefood
shamoji,1,shamoji
sh,1,sh
rivergate,1,rivergate
somthai,1,somthai
shops,1,shops
recom,1,recom
riview,1,riview
sacgh,1,sacgh
reccommended,1,reccommended
shancha,1,shancha
riviera,1,riviera
riêg,1,riêg
quinn,1,quinn
rmc,1,rmc
soyu,1,soyu
rineg,1,rineg
quoc,1,quoc
quânn,1,quânn
rieng,1,rieng
recommenđ,1,recommenđ
qâ,1,qâ
rp,1,rp
reccomned,1,reccomned
râttstt,1,râttstt
shope,1,shope
quánngonsàigòn,1,quánngonsàigòn
sfood,1,sfood
rooftop,1,rooftop
rooms,1,rooms
shisha,1,shisha
seêding,1,seêding
sos,1,sos
recommnend,1,recommnend
rw,1,rw
songkran,1,songkran
shinhan,1,shinhan
sgon,1,sgon
roots,1,roots
setluch,1,setluch
ripped,1,ripped
sontam,1,sontam
sgnn,1,sgnn
qusn,1,qusn
qutr,1,qutr
sewee,1,sewee
sez,1,sez
somake,1,somake
sacombank,1,sacombank
relaxing,1,relaxing
sirancha,1,sirancha
sipber,1,sipber
sml,1,sml
seasonings,1,seasonings
sinpho,1,sinpho
sinhde,1,sinhde
responses,1,responses
resraurant,1,resraurant
restauranteur,1,restauranteur
ranges,1,ranges
snghi,1,snghi
sanuki,1,sanuki
singapo,1,singapo
recc,1,recc
sc,1,sc
satế,1,satế
siê,1,siê
satê,1,satê
siêuu,1,siêuu
skewers,1,skewers
skinship,1,skinship
satra,1,satra
sasshimi,1,sasshimi
saáhimi,1,saáhimi
reminds,1,reminds
sashi,1,sashi
res,1,res
ramyeon,1,ramyeon
samsung,1,samsung
sincay,1,sincay
qận,1,qận
shredded,1,shredded
qúan,1,qúan
rc,1,rc
salach,1,salach
salac,1,salac
reviewanuong,1,reviewanuong
sala,1,sala
serup,1,serup
rhui,1,rhui
saigonfood,1,saigonfood
saigoneats,1,saigoneats
serves,1,serves
qên,1,qên
sadec,1,sadec
soir,1,soir
saler,1,saler
ragu,1,ragu
restraurant,1,restraurant
reivew,1,reivew
snsd,1,snsd
ramenlovers,1,ramenlovers
restroom,1,restroom
ramenbokki,1,ramenbokki
samgyupsal,1,samgyupsal
racòn,1,racòn
samex,1,samex
retro,1,retro
seems,1,seems
rabbokki,1,rabbokki
sama,1,sama
reversation,1,reversation
sales,1,sales
qớ,1,qớ
aa,1,aa
spam,1,spam
đag,1,đang
xíquách,1,xíquách
xúat,1,xúat
xệc,1,xệc
ya,1,ya
ydon,1,ydon
ye,1,ye
yeng,1,yeng
yersin,1,yersin
yeu,1,yeu
ykr,1,ykr
yogurt,1,yogurt
xyz,1,xyz
xxk,1,xxk
xuơng,1,xuơng
xd,1,xd
wooho,1,wooho
workers,1,workers
woww,1,woww
wuen,1,wuen
xanhsm,1,xanhsm
xiaomi,1,xiaomi
xuyêb,1,xuyêb
xich,1,xich
xinhh,1,xinhh
xink,1,xink
xk,1,xk
xonbg,1,xonbg
xuye,1,xuye
íi,1,íi
zữ,1,zữ
àk,1,àk
áh,1,áh
ápp,1,ápp
âhhaha,1,âhhaha
ât,1,ât
íii,1,íii
zịu,1,zịu
òa,1,òa
òy,1,òy
ôke,1,ôke
ôkey,1,ôkey
ăb,1,ăb
ăngg,1,ăngg
zỡn,1,zỡn
zịt,1,zịt
yukcheon,1,yukcheon
zii,1,zii
yukgaejang,1,yukgaejang
yê,1,yê
za,1,za
zaap,1,zaap
ze,1,ze
zi,1,zi
zề,1,zề
zkck,1,zkck
zz,1,zz
zà,1,zà
zã,1,zã
zìa,1,zìa
zú,1,zú
wok,1,wok
vois,1,vois
viẻn,1,viẻn
việtnam,1,việtnam
vjen,1,vjen
vnese,1,vnese
vnpayqr,1,vnpayqr
vnvc,1,vnvc
voiw,1,voiw
viêt,1,viêt
volumn,1,volumn
vuc,1,vuc
vuonhoatuoi,1,vuonhoatuoi
vvk,1,vvk
vx,1,vx
váh,1,váh
viíual,1,viíual
visits,1,visits
vâne,1,vâne
videoclip,1,videoclip
veryy,1,veryy
vhanh,1,vhanh
vicom,1,vicom
vid,1,vid
vieww,1,vieww
vifon,1,vifon
vii,1,vii
vinahouse,1,vinahouse
vinmart,1,vinmart
vâ,1,vâ
vêf,1,vêf
woa,1,woa
weren,1,weren
website,1,website
weekends,1,weekends
wellcome,1,wellcome
winmart,1,winmart
wiped,1,wiped
wishlist,1,wishlist
wasn,1,wasn
vđề,1,vđề
vậ,1,vậ
vẻnhiệt,1,vẻnhiệt
vịi,1,vịi
vớu,1,vớu
wa,1,wa
wagu,1,wagu
wasibi,1,wasibi
wagyuu,1,wagyuu
waoo,1,waoo
washabi,1,washabi
đaay,1,đaay
đat,1,đat
speacial,1,speacial
đbiet,1,đbiet
먹어볼만,1,먹어볼만
메인,1,메인
미소로,1,미소로
반찬,1,반찬
반찬과,1,반찬과
반찬뿐이고,1,반찬뿐이고
받곤,1,받곤
배울것,1,배울것
보쌈,1,보쌈
보여주는,1,보여주는
비로소,1,비로소
뼈해장국,1,뼈해장국
사장님,1,사장님
생각해요,1,생각해요
식사하면서,1,식사하면서
매장,1,매장
매우,1,매우
매력을,1,매력을
대창,1,대창
느꼈어요,1,느꼈어요
다양한,1,다양한
다음에,1,다음에
다채롭고,1,다채롭고
당수육,1,당수육
대만,1,대만
떤과,1,떤과
맞찬들,1,맞찬들
만들어낸다는,1,만들어낸다는
많이,1,많이
맛없어,1,맛없어
맛있게,1,맛있게
맛있고,1,맛있고
맞이해,1,맞이해
없다,1,없다
여기서,1,여기서
여행한,1,여행한
특양,1,특양
지혜와,1,지혜와
직원은,1,직원은
처음입니다,1,처음입니다
출신이고,1,출신이고
친절합니다,1,친절합니다
코다리조림,1,코다리조림
하죠,1,하죠
주죠,1,주죠
하지만,1,하지만
한국인의,1,한국인의
한식,1,한식
한식은,1,한식은
한식의,1,한식의
합니다,1,합니다
증거라고,1,증거라고
종종,1,종종
오해를,1,오해를
음식,1,음식
오히려,1,오히려
올게요,1,올게요
요리,1,요리
요리가,1,요리가
우삼겹,1,우삼겹
육개장,1,육개장
이렇게,1,이렇게
족발,1,족발
이번이,1,이번이
일식,1,일식
자체가,1,자체가
잘먹었습니다,1,잘먹었습니다
쟁탈전,1,쟁탈전
적당하고,1,적당하고
놀랬습니다,1,놀랬습니다
내돈내산,1,내돈내산
김치들을,1,김치들을
đâyy,1,đâyy
đucợ,1,được
đuoc,1,được
đuọc,1,được
đwojc,1,đwojc
đx,1,đx
đâuk,1,đâuk
đãa,1,đãa
đtrai,1,đtrai
đãaa,1,đãaa
đèu,1,đèu
đêan,1,đêan
đêns,1,đêns
đôg,1,đôg
đômg,1,đômg
đuang,1,đuang
đs,1,đs
đăt,1,đăt
điêmr,1,điêmr
đbp,1,đbp
đep,1,đep
đepj,1,đepj
đevs,1,đevs
đila,1,đila
đièu,1,đièu
điẹn,1,điẹn
đnag,1,đnag
điẹp,1,điẹp
điểmm,1,điểmm
điịnh,1,điịnh
đj,1,đj
đja,1,đja
đm,1,đm
đônh,1,đônh
đưojc,1,đưojc
기다리고,1,기다리고
감각을,1,감각을
美味しいかった,1,美味しいかった
这家店虽然不大,1,这家店虽然不大
非常推薦,1,非常推薦
食物好吃,1,食物好吃
食物很美味,1,食物很美味
가격도,1,가격도
감자탕,1,감자탕
笑臉迎人,1,笑臉迎人
강추합니다,1,강추합니다
같아서,1,같아서
것은,1,것은
경복궁,1,경복궁
고맙습니다,1,고맙습니다
그의,1,그의
第一次來胡志明市旅遊,1,第一次來胡志明市旅遊
我來自台灣,1,我來自台灣
đưong,1,đưong
ươnh,1,ươnh
đẫ,1,đẫ
đếy,1,đếy
đỉmm,1,đỉmm
đỉnhh,1,đỉnhh
đỉnk,1,đỉnk
độg,1,độg
ạkk,1,ạ
店員都很親切,1,店員都很親切
ồh,1,ồh
ありがとう,1,ありがとう
但是品质非常好,1,但是品质非常好
價格合理,1,價格合理
居酒屋,1,居酒屋
工作人员也非常贴心,1,工作人员也非常贴心
vegetables,1,vegetables
vegan,1,vegan
veef,1,veef
vedett,1,vedett
tenchou,1,tenchou
terayaki,1,terayaki
tey,1,tey
thankyouu,1,thankyouu
thawed,1,thawed
thaya,1,thaya
theersai,1,theersai
ther,1,ther
temaki,1,temaki
tei,1,tei
tatate,1,tatate
tantanmen,1,tantanmen
tarte,1,tarte
tatami,1,tatami
tb,1,tb
tbh,1,tbh
td,1,td
tdt,1,tdt
teamkoanrau,1,teamkoanrau
thgian,1,thgian
thid,1,thid
thiep,1,thiep
thįt,1,thįt
thêt,1,thêt
thíc,1,thíc
thùy,1,thùy
thúch,1,thúch
thúy,1,thúy
thđ,1,thđ
thươmg,1,thương
thz,1,thz
thươngc,1,thươngc
thườg,1,thường
thưởnh,1,thường
thịtt,1,thịt
thỏai,1,thoải
thừơng,1,thường
thâi,1,thâi
thw,1,thw
thitnuonghanquoc,1,thitnuonghanquoc
thiênj,1,thiện
thks,1,thks
thoág,1,thoáng
thpt,1,thpt
thuờg,1,thường
tht,1,tht
ththieu,1,ththieu
thue,1,thue
thuoqng,1,thuoqng
thuowng,1,thuowng
thuơng,1,thương
tanedo,1,tanedo
tamago,1,tamago
stirred,1,stirred
stk,1,stk
stars,1,stars
stressed,1,stressed
subo,1,subo
standby,1,standby
sundaeguk,1,sundaeguk
spots,1,spots
sriracha,1,sriracha
ss,1,ss
ssm,1,ssm
staffs,1,staffs
takoh,1,takoh
tac,1,tac
sốg,1,sốg
sừon,1,sừon
tabaco,1,tabaco
tableside,1,tableside
sươ,1,sươ
taiwaineese,1,taiwaineese
taiwan,1,taiwan
takayoki,1,takayoki
takeaway,1,takeaway
tako,1,tako
sươdn,1,sươdn
sě,1,sě
sunde,1,sunde
suòn,1,suòn
sundea,1,sundea
suo,1,suo
suon,1,suon
sushiro,1,sushiro
sxep,1,sxep
sąch,1,sąch
sydney,1,sydney
ság,1,ság
sâch,1,sâch
sùon,1,sùon
súhi,1,súhi
săc,1,săc
tich,1,tich
tieeud,1,tieeud
tươii,1,tươii
tìh,1,tìh
tìnn,1,tìnn
tíck,1,tíck
tùe,1,tùe
tùnh,1,tùnh
tươ,1,tươ
tươngg,1,tươngg
tâầng,1,tâầng
uci,1,uci
uhm,1,ừm
uho,1,uho
ukilô,1,ukilô
têt,1,têt
tâmd,1,tâmd
tuơng,1,tuơng
tunhienladep,1,tunhienladep
tuoeng,1,tuoeng
tuyet,1,tuyet
tuô,1,tuô
tuơi,1,tươi
tuỵet,1,tuyệt
tâi,1,tâi
tvb,1,tvb
tvl,1,tvl
tvt,1,tvt
tyxsomewhere,1,tyxsomewhere
tâ,1,tâ
umer,1,umer
ttok,1,ttok
vanhanhmall,1,vanhanhmall
uốg,1,uốg
uớp,1,uớp
vaiz,1,vaiz
vaod,1,vaod
uán,1,uán
var,1,var
vcc,1,vcc
vcher,1,vcher
vde,1,vde
uóng,1,uóng
usuk,1,usuk
uni,1,uni
updated,1,updated
uniqlo,1,uniqlo
uong,1,uong
upsize,1,upsize
us,1,us
uses,1,uses
ttoan,1,ttoan
tieu,1,tieu
tokbooki,1,tokbooki
toalet,1,toalet
tobikko,1,tobikko
toille,1,toille
toji,1,toji
tokbbki,1,tokbbki
tokguk,1,tokguk
tmee,1,tmee
tokkbokki,1,tokkbokki
tokki,1,tokki
tokpoki,1,tokpoki
tokpokki,1,tokpokki
tomyun,1,tomyun
tmj,1,tmj
tkiu,1,tkiu
tonyum,1,tonyum
tinhd,1,tinhd
tikhách,1,tikhách
tiktokdơ,1,tiktokdơ
timjum,1,timjum
tira,1,tira
tiếpp,1,tiếp
tive,1,tive
tièn,1,tiền
tiê,1,tiền
tiêp,1,tiếp
tiêpd,1,tiêpd
tiếpmhachs,1,tiếpmhachs
tomzum,1,tomzum
tteokbookki,1,tteokbookki
truớc,1,trước
trieu,1,trieu
triình,1,triình
troii,1,troii
trsua,1,trà sữa
truong,1,truong
tryy,1,tryy
trees,1,trees
trươ,1,trước
trươca,1,trước
trắg,1,trắng
trờii,1,trời
trứơc,1,trước
tsao,1,tại sao
trending,1,trending
topoki,1,topoki
tourguide,1,tourguide
topokki,1,topokki
toppin,1,toppin
toppoki,1,toppoki
toronto,1,toronto
toyota,1,toyota
traning,1,traning
tranning,1,tranning
transitions,1,transitions
toiw,1,toiw
nct,1,nct
dđ,1,dđ
dungk,1,dungk
duong,1,đường
dvu,1,dịch vụ
dwaenjang,1,dwaenjang
dziên,1,viên
dècor,1,dècor
décor,1,décor
dượd,1,dượd
dạg,1,dạg
dịcho,1,dịcho
ears,1,ears
eattheworld,1,eattheworld
eco,1,eco
duii,1,duii
dtw,1,dtw
dl,1,dl
dm,1,dm
dmaris,1,dmaris
dodoog,1,dodoog
dodook,1,dodook
doenjang,1,doenjang
dongjibi,1,dongjibi
doya,1,doya
doyaj,1,doyaj
favlist,1,favlist
fa,1,fa
faces,1,faces
fanpgae,1,fanpgae
fav,1,fav
ehe,1,ehe
feb,1,feb
feet,1,feet
experiences,1,experiences
expected,1,expected
ehehe,1,ehehe
eim,1,eim
engawa,1,engawa
enhances,1,enhances
enjoyed,1,enjoyed
enoki,1,enoki
ep,1,ep
etc,1,etc
diịc,1,dịch
diã,1,dĩa
cáa,1,cá
cuong,1,cuồng
cutephomaique,1,cutephomaique
cuuyeejn,1,cuuyeejn
cuô,1,cuốn
cácc,1,các
disum,1,disum
când,1,cần
cåi,1,cải
cíu,1,cứu
códe,1,códe
cúôn,1,cuốn
cũmg,1,cũng
cũnv,1,cũng
cunhx,1,cũng
cucng,1,cũng
covi,1,covi
cp,1,cp
crm,1,crm
crumbs,1,crumbs
csgt,1,csgt
cubgxvtamj,1,cubgxvtamj
cảa,1,cả
cẻm,1,cảm
dabest,1,dabest
delicous,1,delicous
depends,1,depends
derco,1,derco
dethuong,1,dễ thương
dethw,1,dethw
dieu,1,điều
deliciousfoods,1,deliciousfoods
dac,1,dac
dallas,1,dallas
ddongbojib,1,ddongbojib
ddỉnh,1,ddỉnh
decol,1,decol
dek,1,dek
fewer,1,fewer
fi,1,fi
halyu,1,halyu
gôgle,1,gôgle
gīa,1,gīa
gưit,1,gưit
hachiban,1,hachiban
hainam,1,hainam
hallowing,1,hallowing
hambuger,1,hambuger
hamtrip,1,hamtrip
hanbok,1,hanbok
hands,1,hands
gôdmother,1,gôdmother
góa,1,góa
gòy,1,gòy
gògi,1,gògi
gru,1,gru
gs,1,gs
guk,1,guk
guu,1,guu
gv,1,gv
gyushige,1,gyushige
gàaa,1,gàaa
gàmen,1,gàmen
gê,1,gê
gíac,1,gíac
hangjengsal,1,hangjengsal
hanseyo,1,hanseyo
hetic,1,hetic
hg,1,hg
hh,1,hh
hibicus,1,hibicus
hichic,1,hichic
hiehie,1,hiehie
hihu,1,hihu
himlam,1,himlam
hiphop,1,hiphop
hits,1,hits
hiuhiu,1,hiuhiu
hix,1,hix
hizhiz,1,hizhiz
hewts,1,hewts
heoo,1,heoo
hawaii,1,hawaii
haz,1,haz
hd,1,hd
hdd,1,hdd
hdo,1,hdo
heads,1,heads
heayum,1,heayum
heeyum,1,heeyum
heineken,1,heineken
held,1,held
helloween,1,helloween
grandview,1,grandview
fil,1,fil
francislong,1,francislong
freeflow,1,freeflow
frendly,1,frendly
friendlier,1,friendlier
frustrating,1,frustrating
fulltoping,1,fulltoping
fulltopping,1,fulltopping
foodreview,1,foodreview
foodlover,1,foodlover
foodiesaigon,1,foodiesaigon
foodie,1,foodie
fim,1,fim
flavoury,1,flavoury
fnhor,1,fnhor
fo,1,fo
foc,1,foc
followed,1,followed
fomo,1,fomo
foodaholic,1,foodaholic
fushion,1,fushion
fv,1,fv
ghiaa,1,ghiaa
giga,1,giga
giátiền,1,giátiền
gióing,1,gióing
giừo,1,giừo
gochujang,1,gochujang
goin,1,goin
goj,1,goj
goodbye,1,goodbye
goviet,1,goviet
gppk,1,gppk
grabfood,1,grabfood
ghibli,1,ghibli
ggmaps,1,ggmaps
fải,1,fải
geumseung,1,geumseung
galbin,1,galbin
galic,1,galic
gamseongjirim,1,gamseongjirim
gejang,1,gejang
gelato,1,gelato
genz,1,genz
gets,1,gets
cosplay,1,cosplay
quayy,1,quayy
biet,1,biết
bg,1,bg
bgio,1,bây giờ
bibim,1,bibim
bibimbap,1,bibimbap
bic,1,bic
bie,1,bie
biets,1,biets
biếtt,1,biếtt
bigbang,1,bigbang
bijjajjeong,1,bijjajjeong
bingsung,1,bingsung
bingxu,1,bingxu
beochip,1,beochip
baemin,1,baemin
baj,1,baj
balls,1,balls
banbe,1,banbe
baoboibaovatchinhanhquan,1,baoboibaovatchinhanhquan
baoh,1,baoh
bata,1,bata
batd,1,batd
bbqongmapvvk,1,bbqongmapvvk
biê,1,biê
bjo,1,bjo
bringing,1,bringing
brings,1,brings
bro,1,bro
bros,1,bros
bkk,1,bkk
bs,1,bs
bst,1,bst
bthh,1,bthh
budweiser,1,budweiser
buffe,1,buffe
bugogi,1,bugogi
branding,1,branding
branches,1,branches
bqq,1,bqq
blindbox,1,blindbox
bni,1,bni
boc,1,boc
bohem,1,bohem
boheme,1,boheme
borgna,1,borgna
boutique,1,boutique
aấm,1,aấm
aăn,1,aăn
ahihi,1,ahihi
ahn,1,ahn
ahuhu,1,ahuhu
ajinomoto,1,ajinomoto
akelo,1,akelo
al,1,al
ayyo,1,ayyo
amaiten,1,amaiten
amazingplace,1,amazingplace
afforable,1,afforable
aeonmall,1,aeonmall
abt,1,abt
acc,1,acc
accoutics,1,accoutics
activities,1,activities
acun,1,acun
adapted,1,adapted
addictive,1,addictive
adjusted,1,adjusted
admin,1,admin
asaha,1,asaha
attitudes,1,attitudes
aww,1,aww
approved,1,approved
amthuctrunghoa,1,amthuctrunghoa
angicungthem,1,angicungthem
anhchị,1,anhchị
anhh,1,anhh
anhlectjade,1,anhlectjade
animations,1,animations
anni,1,anni
annyeonghaseyo,1,annyeonghaseyo
anq,1,anq
anrakutei,1,anrakutei
bugolgi,1,bugolgi
builds,1,builds
chắ,1,chắ
cháynước,1,cháynước
châp,1,châp
chópp,1,chópp
chă,1,chă
chănns,1,chănns
chưong,1,chưong
chươbg,1,chươbg
chắx,1,chắx
chịuu,1,chịuu
chồnh,1,chồnh
chụpp,1,chụpp
citigym,1,citigym
ciên,1,ciên
cj,1,cj
chyên,1,chyên
chuơng,1,chuơng
chuyen,1,chuyen
chunh,1,chunh
chix,1,chix
chiê,1,chiê
chiênđều,1,chiênđều
chiêù,1,chiêù
chiẻn,1,chiẻn
cholon,1,cholon
chops,1,chops
chopsticks,1,chopsticks
chos,1,chos
chrismart,1,chrismart
chtr,1,chtr
chtrinh,1,chtrinh
chuaa,1,chuaa
chuan,1,chuan
clerks,1,clerks
cloned,1,cloned
complemented,1,complemented
comtamthuankieu,1,comtamthuankieu
conbo,1,conbo
conditioning,1,conditioning
cons,1,cons
convoivàngrestaurant,1,convoivàngrestaurant
compared,1,compared
coctail,1,coctail
closes,1,closes
closing,1,closing
cmn,1,con mẹ nó
cmnl,1,cmnl
cmnr,1,cmnr
cmsn,1,cmsn
cnay,1,cnay
cnhanh,1,cnhanh
cobe,1,cobe
coc,1,coc
cocacola,1,cocacola
cococola,1,cococola
cocoichibanya,1,cocoichibanya
chirashi,1,chirashi
chinesefood,1,chinesefood
bukkake,1,bukkake
bụg,1,bụg
cach,1,cach
cakes,1,cakes
called,1,called
calmet,1,calmet
campuchia,1,campuchia
cann,1,cann
cano,1,cano
capuchino,1,capuchino
bểp,1,bểp
bằc,1,bằc
bắtt,1,bắtt
bắcc,1,bắcc
bulogi,1,bulogi
bulot,1,bulot
burgur,1,burgur
busankoreanfood,1,busankoreanfood
busánkoreanfood,1,busánkoreanfood
bée,1,bée
béoo,1,béoo
bòa,1,bòa
băt,1,băt
bđ,1,bđ
chbi,1,chbi
cheddar,1,cheddar
cheeseball,1,cheeseball
chefs,1,chefs
chek,1,chek
chekin,1,chekin
cheonggukjang,1,cheonggukjang
chesse,1,chesse
chiangmai,1,chiangmai
chiavago,1,chiavago
chie,1,chie
chikin,1,chikin
children,1,children
chillthai,1,chillthai
chc,1,chc
chawânmushi,1,chawânmushi
chaude,1,chaude
cc,1,cc
chae,1,chae
chairs,1,chairs
changcanhvien,1,changcanhvien
chaomy,1,chaomy
charged,1,charged
chasu,1,chasu
chatramue,1,chatramue
hiêp,1,hiêp
hiẹp,1,hiẹp
hjhj,1,hjhj
nhiẻu,1,nhiẻu
nhaâ,1,nhaâ
nhea,1,nhea
nhenk,1,nhenk
nhiw,1,nhiw
nhiêi,1,nhiêi
nhiêt,1,nhiêt
nhiêud,1,nhiêud
nhiếh,1,nhiếh
nhânh,1,nhânh
nhiềuu,1,nhiềuu
nhiệ,1,nhiệ
nhoaa,1,nhoaa
nhq,1,nhq
nhubgd,1,nhubgd
nhàaa,1,nhàaa
nháa,1,nháa
nhanqua,1,nhanqua
nhannh,1,nhannh
nhanhh,1,nhanh
nhanbdsreview,1,nhanbdsreview
ngoaid,1,ngoaid
ngob,1,ngob
ngonng,1,ngonng
ngpn,1,ngpn
ngptj,1,ngptj
nguyenman,1,nguyenman
nguòi,1,nguòi
nguô,1,nguô
ngênh,1,ngênh
ngưòi,1,ngưòi
ngườ,1,ngườ
ngườii,1,ngườii
ngẻ,1,ngẻ
ngừơi,1,ngừơi
nhahanggiaphuphuckien,1,nhahanggiaphuphuckien
nhâ,1,nhâ
nhâp,1,nhâp
hlv,1,hlv
nmà,1,nmà
nox,1,nox
nuaa,1,nuaa
nuea,1,nuea
nuok,1,nuok
nhéaa,1,nhéaa
nuoqsc,1,nuoqsc
nvc,1,nvc
nvd,1,nvd
nvvp,1,nhân viên văn phòng
nàykhongo,1,nàykhongo
nàyy,1,nàyy
nm,1,nm
nja,1,nja
nilông,1,nilông
nhòa,1,nhòa
nhóoo,1,nhóoo
nhơcs,1,nhóc
nhưnh,1,nhưng
nhưnv,1,nhưng
nhươc,1,nhươc
nhạv,1,nhạv
nhấttrong,1,nhấttrong
nhậtvới,1,nhậtvới
nhỉnm,1,nhỉnm
niceday,1,niceday
nicee,1,nicee
nieu,1,nieu
ngkhac,1,người khác
ngiều,1,ngiều
ngiên,1,ngiên
măt,1,mặt
mìnb,1,mình
mìng,1,mình
mìnhh,1,mình
mìnn,1,mình
môt,1,môt
múông,1,mông
măc,1,mắc
măth,1,măth
nghịêp,1,nghịêp
mưc,1,mưc
mưỗi,1,mưỗi
mạnđawcj,1,mạnđawcj
mặ,1,mặ
mềmm,1,mềmm
mộg,1,mộg
mớo,1,mớo
mâ,1,mâ
mátt,1,mát
máii,1,mái
mxh,1,mạng xã hội
mozzarella,1,mozzarella
mthai,1,mthai
muc,1,muc
mungkhaitruongchang,1,mungkhaitruongchang
muoi,1,muoi
muon,1,muon
mushtoom,1,mushtoom
muóna,1,muóna
muô,1,muô
muễn,1,muễn
muốickakka,1,muốickakka
muốngxào,1,muốngxào
muỗg,1,muỗg
mừoi,1,mừoi
nabe,1,nabe
neighbourhood,1,neighbourhood
neu,1,neu
neên,1,nên
nfon,1,nfon
ngat,1,ngat
ngc,1,ngc
nge,1,nge
ngen,1,ngen
nghiepà,1,nghiepà
nghiêhm,1,nghiêhm
nghiệmm,1,nghiệmm
nghon,1,nghon
nghuen,1,nghuen
nemu,1,nemu
nah,1,nah
neh,1,neh
namjim,1,namjim
nanban,1,nanban
naog,1,naog
narak,1,narak
naruto,1,naruto
nauy,1,nauy
naò,1,naò
nchuyện,1,nchuyện
nckd,1,nckd
ab,1,ab
nêmnếm,1,nêmnếm
nênn,1,nênn
nóg,1,nóg
phếc,1,phếc
phỉw,1,phỉw
phởthốđá,1,phở thố đá
phởviệtnam,1,phở việt nam
playlist,1,playlist
points,1,points
phât,1,phật
phumai,1,phumai
phuket,1,phuket
photobooth,1,photobooth
pastur,1,pastur
patechaud,1,patechaud
patecheaux,1,patecheaux
pattaya,1,pattaya
phm,1,phm
phongg,1,phongg
pokki,1,pokki
pooki,1,pooki
pt,1,pt
pvn,1,pvn
pvụ,1,pvụ
pâté,1,pâté
qen,1,qen
qlai,1,qlai
qt,1,qt
qtqđ,1,qtqđ
qtr,1,qtr
quand,1,quand
quangicungduoc,1,quangicungduoc
positiveenergy,1,positiveenergy
possiedon,1,possiedon
potay,1,potay
pov,1,pov
pp,1,pp
pricey,1,pricey
pricing,1,pricing
nóngg,1,nóngg
odr,1,odr
og,1,og
ohif,1,ohif
ohongf,1,ohongf
ohucj,1,ohucj
ohujc,1,ohujc
oishi,1,oishi
panacosta,1,panacosta
okayla,1,okayla
okelah,1,okelah
okilaa,1,okilaa
okilah,1,okilah
okok,1,okok
okonomiyaki,1,okonomiyaki
okoyadon,1,okoyadon
odors,1,odors
odermif,1,odermif
odeng,1,odeng
oden,1,oden
nónh,1,nónh
nơu,1,nơu
nưaz,1,nữa
nươc,1,nước
nướg,1,nướg
nởgiá,1,nởgiá
nứơc,1,nước
nữam,1,nữam
nữathì,1,nữathì
obathan,1,obathan
odaucungchup,1,odaucungchup
okr,1,okr
oliu,1,oliu
oversights,1,oversights
overwhelmed,1,overwhelmed
oy,1,oy
oôt,1,oôt
oỏder,1,oỏder
pachang,1,pachang
pachqn,1,pachqn
packaging,1,packaging
packing,1,packing
pamcha,1,pamcha
ottogi,1,ottogi
omrice,1,omrice
omurai,1,omurai
onl,1,onl
opens,1,opens
opmart,1,opmart
orde,1,orde
ordering,1,ordering
orrder,1,orrder
orther,1,orther
osen,1,osen
ot,1,ot
otoke,1,otoke
mosn,1,mosn
mootaka,1,mootaka
kakaa,1,kakaa
johnson,1,johnson
jolibe,1,jolibe
jp,1,jp
kaarage,1,kaarage
kadai,1,kadai
kalêla,1,kalêla
kangen,1,kangen
kapi,1,kapi
karaok,1,karaok
katsudon,1,katsudon
kavivu,1,kavivu
kawwai,1,kawwai
kbg,1,kbg
jo,1,jo
jjolmyeon,1,jjolmyeon
jjigae,1,jjigae
jjiappong,1,jjiappong
iuiu,1,iuiu
jajang,1,jajang
jajangngon,1,jajangngon
japanit,1,japanit
jeju,1,jeju
jjajangmyeon,1,jjajangmyeon
jjambong,1,jjambong
jjampong,1,jjampong
jjang,1,jjang
kcg,1,kcg
kcj,1,kcj
kdc,1,kdc
khôbg,1,khôbg
khôngg,1,khôngg
khôngo,1,khôngo
khônv,1,khônv
khă,1,khă
khăc,1,khăc
kichikichi,1,kichikichi
kiem,1,kiem
kimpbap,1,kimpbap
kimsa,1,kimsa
kingcrab,1,kingcrab
kj,1,kj
kl,1,kl
khôgn,1,khôgn
khâue,1,khâue
khâc,1,khâc
keeps,1,keeps
kei,1,kei
keu,1,keu
khac,1,khac
khach,1,khach
khapi,1,khapi
khoia,1,khoia
khokng,1,không
khs,1,khs
khxh,1,khxh
kháh,1,kháh
isushi,1,isushi
iphone,1,iphone
kng,1,kng
hppd,1,hppd
hotpot,1,hotpot
hotteok,1,hotteok
hours,1,hours
hoăc,1,hoặc
hp,1,hp
hriviu,1,hriviu
ipc,1,ipc
htp,1,htp
huhuhu,1,huhuhu
huhuhuhu,1,huhuhuhu
huyen,1,huyen
hotdeal,1,hotdeal
hmm,1,hmm
hmong,1,hmong
hnao,1,hnao
hoac,1,hoặc
hobak,1,hobak
hoegaarden,1,hoegaarden
hoisin,1,hoisin
hojicha,1,hojicha
hokaido,1,hokaido
hokkai,1,hokkai
hokkaidosushi,1,hokkaidosushi
hokke,1,hokke
homestyle,1,homestyle
huôngg,1,huôngg
huớng,1,huớng
hxua,1,hxua
ichiban,1,ichiban
ikayaza,1,ikayaza
includes,1,includes
inot,1,inot
instadaily,1,instadaily
instafood,1,instafood
instagram,1,instagram
internet,1,internet
ip,1,ip
ichi,1,ichi
hype,1,hype
hàg,1,hàg
hâhhahaha,1,hâhhahaha
hêhhehe,1,hêhhehe
hêt,1,hêt
hêť,1,hêť
híhis,1,híhis
hôpk,1,hôpk
høp,1,høp
hùynh,1,hùynh
húhúhú,1,húhúhú
hơnn,1,hơnn
hưong,1,hưong
hẹhẹ,1,hẹhẹ
hếtt,1,hếtt
họăc,1,hoặc
klq,1,klq
knghiem,1,knghiem
matchanduel,1,matchanduel
manwa,1,manwa
manwah,1,manwah
maruten,1,maruten
masaman,1,masaman
massaman,1,massaman
matchadeul,1,matchadeul
matched,1,matched
lọat,1,lọat
matches,1,matches
maui,1,maui
maximark,1,maximark
mayonaise,1,mayonaise
mayonaka,1,mayonaka
mayonako,1,mayonako
mangetsu,1,mangetsu
manchanduel,1,manchanduel
malaysia,1,malaysia
lữoi,1,lữoi
maafu,1,maafu
maafusushi,1,maafusushi
macau,1,macau
machelin,1,machelin
maintained,1,maintained
maireview,1,maireview
majone,1,majone
mak,1,mak
maketing,1,maketing
makgeoli,1,makgeoli
makup,1,makup
mbps,1,mbps
mc,1,mc
md,1,md
mins,1,mins
minutes,1,minutes
misses,1,misses
mixue,1,mixue
miông,1,miông
miệnt,1,miệng
mkt,1,mkt
mngg,1,mọi người
modified,1,modified
moitj,1,moitj
mookatha,1,mookatha
mookratha,1,mookratha
minigame,1,minigame
mechelin,1,mechelin
minht,1,minht
memu,1,menu
menlyfood,1,menlyfood
mentai,1,mentai
michellin,1,michellin
micheln,1,micheln
midtown,1,midtown
miengy,1,miếng
mifnh,1,mình
mih,1,mình
minhg,1,mình
minhgọi,1,minh gọi
lụy,1,lụy
lọai,1,lọai
lacàrấtphê,1,la cà rất phê
laii,1,laii
lếk,1,lếk
lemekong,1,lemekong
lf,1,lf
lacthai,1,lacthai
kố,1,kố
kokaku,1,kokaku
kokatsu,1,kokatsu
kombucha,1,kombucha
koong,1,koong
koreahouse,1,koreahouse
korena,1,korena
kout,1,kout
kte,1,kte
ktra,1,ktra
kush,1,kush
kuyng,1,kuyng
kyo,1,kyo
lhach,1,lhach
lichk,1,lichk
ltt,1,ltt
luac,1,luac
luun,1,luôn
luôb,1,luôn
lya,1,lya
lâi,1,lâi
lânf,1,lânf
lêb,1,lêb
lêd,1,lêd
lóa,1,lóa
lôt,1,lôt
lúmm,1,lúmm
lơp,1,lớp
lượmg,1,lượng
ltk,1,ltk
loves,1,loves
liek,1,liek
lovers,1,lovers
liked,1,liked
liê,1,liê
lkjo,1,lkjo
located,1,located
looks,1,looks
호치민시를,1,bỏ
