N-gram,Tần suất,dịch
ăn,20438,ăn
có,13819,có
là,12651,là
và,10390,và
mà,6462,mà
đồ,6198,đồ
vị,4903,vị
sẽ,4317,sẽ
cả,4281,cả
ko,4217,không
đi,4005,đi
ra,3503,ra
để,2966,để
vì,2891,vì
gà,2801,gà
về,2646,về
bị,2513,bị
vụ,2490,vụ
đã,2255,đã
gì,2225,gì
bò,1873,bò
từ,1706,từ
sự,1565,sự
đc,1525,được
ổn,1447,ổn
ít,1432,ít
mì,1423,mì
dễ,1355,dễ
đó,1334,đó
to,1325,to
cá,1252,cá
rẻ,1228,rẻ
đủ,1171,đủ
ok,1086,ok
no,967,no
so,894,so
độ,887,độ
cơ,858,cơ
đá,850,đá
do,817,do
em,816,em
xe,803,xe
lý,795,lý
cứ,780,cứ
ấy,778,ấy
nó,761,nó
bé,760,bé
cô,728,cô
mỳ,716,mỳ
ai,690,ai
hà,687,hà
dù,680,dù
hộ,673,hộ
mở,660,mở
vs,659,với
đa,657,đa
hè,654,hè
ốc,650,ốc
lạ,642,lạ
đà,627,đà
số,551,số
vẻ,532,vẻ
cafe,523,cafe
mỡ,522,mỡ
vô,500,vô
ng,497,người
rõ,481,rõ
tự,470,tự
ấn,467,ấn
tí,466,tí
bỏ,453,bỏ
tệ,450,tệ
ớt,430,ớt
cà,424,cà
sở,414,sở
ấm,413,ấm
vỏ,386,vỏ
kì,379,kì
bơ,368,bơ
cổ,341,cổ
tư,321,tư
combo,320,combo
hề,312,hề
hồ,310,hồ
bà,307,bà
vệ,302,vệ
xa,291,xa
mê,289,mê
tô,279,tô
dc,272,được
nv,272,nhân viên
ba,270,ba
dã,256,dã
lá,255,lá
lẽ,251,lẽ
nè,249,nè
sợ,248,sợ
ép,234,ép
kỳ,233,kỳ
đỡ,228,đỡ
nc,226,nc
matcha,220,matcha
bè,218,bè
kể,217,kể
ơi,217,ơi
lí,215,lí
đỏ,212,đỏ
họ,212,họ
decor,208,decor
phomai,205,phomai
bộ,201,bộ
củ,197,củ
cx,196,cũng
mẹ,188,mẹ
hn,187,hôm nay
ly,185,ly
nở,179,nở
đề,179,đề
trc,175,trước
cũ,173,cũ
hòa,172,hòa
bề,172,bề
mã,171,mã
rủ,169,rủ
bở,169,bở
an,169,an
lễ,168,lễ
bí,167,bí
mn,165,mọi người
socola,163,socola
hnay,163,hôm nay
dở,157,dở
đổ,156,đổ
me,156,me
ta,155,ta
tố,155,tố
bt,153,biết
hihi,150,hihi
bù,148,bù
da,148,da
in,148,in
tế,147,tế
mẻ,147,mẻ
ôi,146,ôi
huhu,143,huhu
đế,137,đế
tổ,136,tổ
caramen,135,caramen
oke,135,ok
cố,134,cố
ồn,133,ồn
nhg,133,nhưng
xá,133,xá
ơn,132,ơn
tụ,132,tụ
mk,131,mình
tok,131,tok
ty,129,ty
tủ,129,tủ
bbq,128,bbq
tớ,127,tớ
đỗ,125,đỗ
áp,125,áp
kĩ,121,kĩ
ẩm,121,ẩm
bê,121,bê
ảo,119,ảo
mò,118,mò
rẽ,118,rẽ
ntn,114,ntn
ưu,113,ưu
app,109,app
bổ,106,bổ
tả,105,tả
âu,104,âu
xì,104,xì
vợ,104,vợ
su,100,su
sushi,99,sushi
is,99,is
la,97,la
bố,96,bố
sả,96,sả
tý,92,tý
lò,91,lò
kimbap,90,kimbap
sử,88,sử
cờ,87,cờ
gỗ,87,gỗ
km,87,khuyến mãi
burger,86,burger
mỹ,86,mỹ
ỉu,86,ỉu
lê,85,lê
lo,85,lo
dingtea,84,dingtea
kế,84,kế
bì,84,bì
lợ,83,lợ
hi,83,hi
mng,82,mọi người
kỹ,81,kỹ
hệ,79,hệ
ào,79,ào
dạ,78,dạ
há,78,há
du,77,du
cỡ,76,cỡ
kfc,75,kfc
nữ,75,nữ
âm,74,âm
ord,74,ord
kê,73,kê
hò,72,hò
bh,69,bây giờ
sashimi,69,sashimi
ah,68,ah
nọ,68,nọ
nh,67,nh
hóa,66,hóa
xả,66,xả
sa,63,sa
up,62,up
ny,61,ny
lờ,61,lờ
bự,61,bự
ncl,60,nói chung là
cũg,59,cũg
dị,59,dị
of,59,of
nê,58,nê
oder,58,oder
nchung,58,nchung
xà,57,xà
bltm,56,bltm
bõ,56,bõ
dimsum,55,dimsum
bá,55,bá
tạ,55,tạ
hy,55,hy
tử,55,tử
bingsu,54,bingsu
dê,54,dê
vincom,54,vincom
wifi,53,wifi
sò,52,sò
võ,52,võ
sơ,52,sơ
cty,51,cty
kimchi,51,kimchi
ca,51,ca
kg,51,kg
it,51,it
hạ,51,hạ
cf,50,cf
ốp,50,ốp
đô,50,đô
dẻ,49,dẻ
tr,49,trời
má,49,má
se,49,se
rổ,49,rổ
tùy,49,tùy
vỡ,49,vỡ
online,48,online
fb,48,facebook
bờ,48,bờ
oreo,47,oreo
ưa,47,ưa
latte,47,latte
sg,47,sg
tiramisu,47,tiramisu
xé,47,xé
nvien,47,nhân viên
ms,47,ms
tomyum,46,tomyum
bể,46,bể
lọ,46,lọ
đu,45,đu
be,45,be
ví,45,ví
xử,45,xử
ui,45,ui
bồ,44,bồ
ho,44,ho
gato,43,gato
gogi,42,gogi
mô,42,mô
hủ,42,hủ
gu,42,gu
highlands,41,highlands
haha,41,haha
kh,41,không
lẻ,40,lẻ
xã,40,xã
áo,40,áo
cú,40,cú
hanoi,40,hanoi
ức,40,ức
ắp,40,ắp
át,39,át
we,39,we
my,39,my
bthg,38,bình thường
freeship,38,freeship
vn,38,vn
sổ,38,sổ
dè,38,dè
pm,37,pm
vã,37,vã
tỉ,37,tỉ
đk,36,đk
mơ,36,mơ
ám,35,ám
kệ,35,kệ
cụ,35,cụ
ri,35,ri
pepsi,35,pepsi
mù,35,mù
vỉ,34,vỉ
vi,34,vi
vc,34,vc
rv,34,rv
bã,34,bã
vũ,34,vũ
cm,34,cm
panchan,33,panchan
tò,33,tò
ngừoi,33,ngừoi
lè,33,lè
nhưg,33,nhưg
cs,33,cs
na,32,na
vẽ,32,vẽ
qá,32,quá
fai,31,fai
co,31,co
hũ,31,hũ
kb,31,không biết
vani,31,vani
gimbap,31,gimbap
xí,30,xí
bó,30,bó
tờ,30,tờ
vớ,30,vớ
thik,30,thích
lỡ,30,lỡ
ngta,30,ngta
thủy,30,thủy
tê,30,tê
cmt,30,cmt
sẻ,29,sẻ
hí,29,hí
od,29,od
tokbokki,29,tokbokki
iu,29,iu
nilon,29,nilon
sv,28,sv
tỏ,28,tỏ
cari,28,cari
óc,28,óc
facebook,28,facebook
lũ,28,lũ
sư,28,sư
ga,28,ga
ái,28,ái
or,28,or
udon,27,udon
bn,27,bn
ramen,27,ramen
kimbab,27,kimbab
ổi,27,ổi
lồ,27,lồ
mề,27,mề
hổ,27,hổ
airpay,26,airpay
ná,26,ná
xô,26,xô
siro,26,siro
mè,26,mè
deli,26,deli
le,26,le
lotteria,26,lotteria
lô,25,lô
lệ,25,lệ
royaltea,25,royaltea
pasta,25,pasta
kp,25,kp
xò,25,xò
dự,25,dự
go,25,go
khỏe,25,khỏe
ầm,25,ầm
dư,25,dư
on,25,on
lơ,24,lơ
ph,24,ph
deco,24,deco
ha,24,ha
eo,24,eo
đg,24,đang
mĩ,24,mĩ
ma,23,ma
ts,23,ts
cư,23,cư
gỡ,23,gỡ
xế,23,xế
tocotoco,23,tocotoco
om,23,om
cookie,23,cookie
êm,23,êm
bứ,23,bứ
macchiato,23,macchiato
he,23,he
toping,23,toping
nhaa,22,nhaa
bth,22,bình thường
thỏa,22,thỏa
hiuhiu,22,hiuhiu
mờ,22,mờ
chesse,21,chesse
đh,21,đh
instagram,21,instagram
ti,21,ti
dụ,21,dụ
gimbab,21,gimbab
nma,21,nhưng mà
cỏ,21,cỏ
oi,21,oi
di,21,di
xog,21,xog
ac,21,ac
hì,21,hì
haiz,21,haiz
ốm,20,ốm
vé,20,vé
kỉ,20,kỉ
ak,20,ak
uy,20,uy
gongcha,20,gongcha
checkin,20,checkin
hq,20,hôm qua
đả,20,đả
mini,20,mini
hqua,20,hqua
ck,20,ck
úp,20,úp
lm,19,lm
hotline,19,hotline
bf,19,bf
goviet,19,goviet
jamja,19,jamja
rô,19,rô
tu,19,tu
ôm,19,ôm
starbucks,19,starbucks
rì,19,rì
kbh,19,không bao giờ
né,19,né
mìh,19,mìh
ae,18,ae
va,18,va
mik,18,mình
mh,18,mh
mỉ,18,mỉ
ahihi,18,ahihi
zai,18,zai
ẩu,18,ẩu
vả,18,vả
qán,18,quán
úc,17,úc
đơ,17,đơ
bi,17,bi
nà,17,nà
mồ,17,mồ
ksao,17,ksao
hongkong,17,hongkong
grabfood,17,grabfood
đo,17,đo
hotdog,17,hotdog
ân,17,ân
am,17,am
đê,17,đê
cg,17,cg
bmi,17,bmi
baoh,16,baoh
lề,16,lề
trg,16,trg
tòa,16,tòa
ngonn,16,ngonn
smoothie,16,smoothie
takoyaki,16,takoyaki
dĩ,16,dĩ
teriyaki,16,teriyaki
ao,16,ao
zòn,16,zòn
okay,16,okay
nx,16,nữa
fanpage,16,fanpage
đẽ,16,đẽ
deliverynow,16,deliverynow
bla,16,bla
cộ,15,cộ
nilong,15,nilong
ké,15,ké
lu,15,lu
tt,15,tt
li,15,li
hnao,15,hnao
gi,15,gi
dk,15,dk
tú,15,tú
thg,15,thg
hự,15,hự
đt,15,điện thoại
kichi,15,kichi
vch,15,vch
ns,14,nói
thíc,14,thíc
chs,14,chs
sz,14,size
nt,14,nhắn tin
cn,14,chủ nhật
logo,14,logo
nụ,14,nụ
mr,14,mr
họa,14,họa
hokkaido,14,hokkaido
sĩ,14,sĩ
kỷ,14,kỷ
mochi,14,mochi
tnao,14,tnao
wc,14,wc
hix,14,hix
rê,14,rê
buffe,13,buffe
tg,13,tg
pr,13,pr
recommended,13,recommended
lã,13,lã
foodyhanoi,13,foodyhanoi
vp,13,vp
ẻm,13,ẻm
tm,13,tm
sô,13,sô
tn,13,tn
singapore,13,singapore
hả,13,hả
tứ,13,tứ
luônn,13,luônn
nthe,13,nthe
chese,13,chese
vl,13,vl
bigc,13,bigc
hs,13,hs
vnd,13,vnd
mipec,13,mipec
miso,13,miso
has,12,has
sờ,12,sờ
kgian,12,kgian
thuii,12,thuii
pvu,12,pvu
at,12,at
patê,12,patê
anw,12,anw
olong,12,olong
pg,12,pg
upsize,12,upsize
khs,12,khs
sdt,12,sdt
onl,12,onl
cồ,12,cồ
ve,12,ve
yum,12,yum
hambuger,12,hambuger
xù,12,xù
ác,12,ác
sứ,12,sứ
qa,12,quá
rât,12,rât
zalo,11,zalo
recomment,11,recomment
lù,11,lù
cug,11,cug
xơ,11,xơ
jollibee,11,jollibee
okela,11,okela
tơ,11,tơ
dữ,11,dữ
sđt,11,sđt
mí,11,mí
xứ,11,xứ
tempura,11,tempura
insta,11,insta
by,11,by
hủy,11,hủy
hỗ,11,hỗ
tì,11,tì
google,11,google
ớn,11,ớn
coffe,11,coffe
if,11,if
wtf,11,wtf
lớ,11,lớ
tù,11,tù
khôg,11,khôg
lẹ,11,lẹ
hẹ,11,hẹ
ki,11,ki
vuvuzela,11,vuvuzela
hố,11,hố
phômai,11,phômai
wa,10,wa
okinawa,10,okinawa
té,10,té
sn,10,sn
căngtin,10,căngtin
mc,10,mc
naan,10,naan
rũ,10,rũ
ni,10,ni
nch,10,nch
haizz,10,haizz
hehee,10,hehee
sc,10,sc
lọai,10,lọai
zời,10,zời
cử,10,cử
https,10,https
ce,10,ce
gr,10,gr
lavie,10,lavie
ăm,10,ăm
sakura,10,sakura
chops,10,chops
hư,10,hư
gateaux,10,gateaux
ch,10,chưa
mlem,10,mlem
bulgogi,10,bulgogi
machiato,10,machiato
sukem,9,sukem
as,9,as
ktqd,9,ktqd
ký,9,ký
kí,9,kí
cù,9,cù
malaysia,9,malaysia
ashima,9,ashima
iph,9,iph
jn,9,jn
mojito,9,mojito
ks,9,ks
gđ,9,gđ
pepperonis,9,pepperonis
manwah,9,manwah
bm,9,bm
dì,9,dì
croissant,9,croissant
ún,9,ún
ct,9,ct
chago,9,chago
te,9,te
im,9,im
lả,9,lả
vietnamesefood,9,vietnamesefood
tvt,9,tvt
tablenow,9,tablenow
vinmart,9,vinmart
de,9,de
nợ,9,nợ
thit,9,thit
hờ,9,hờ
xu,9,xu
bthuong,9,bthuong
rộ,9,rộ
si,9,si
đep,9,đep
tp,9,tp
tgian,9,tgian
staffs,9,staffs
cgv,8,cgv
ji,8,ji
hô,8,hô
gâteaux,8,gâteaux
cb,8,cb
tous,8,tous
bâyh,8,bâyh
mi,8,mi
hp,8,hp
htrc,8,htrc
huhuu,8,huhuu
buger,8,buger
kong,8,kong
hutong,8,hutong
shiper,8,shiper
tị,8,tị
đẻ,8,đẻ
nguoi,8,nguoi
tã,8,tã
shopee,8,shopee
xệ,8,xệ
tc,8,tc
dishes,8,dishes
caphe,8,caphe
zô,8,zô
carbonara,8,carbonara
vv,8,vv
carot,8,carot
takeaway,8,takeaway
sì,8,sì
mụ,8,mụ
grap,8,grap
isushi,8,isushi
rw,8,rw
th,8,th
nươc,8,nươc
macaron,8,macaron
gelato,8,gelato
xofa,8,xofa
monde,8,monde
fomai,8,fomai
lipton,8,lipton
lư,8,lư
scl,8,scl
baemin,8,baemin
xuka,8,xuka
sú,8,sú
mễ,8,mễ
cungz,8,cungz
rooftop,8,rooftop
cu,8,cu
tq,8,tq
ctrinh,8,ctrinh
ùi,8,ùi
thcs,8,thcs
bjo,8,bây giờ
biêt,8,biêt
bami,8,bami
pasgo,8,pasgo
tivi,8,tivi
dookki,7,dookki
đag,7,đag
ủi,7,ủi
donut,7,donut
dơ,7,dơ
inox,7,inox
okey,7,okey
tộ,7,tộ
frappuccino,7,frappuccino
dv,7,dv
vk,7,vk
bu,7,bu
laptop,7,laptop
ôn,7,ôn
hu,7,hu
úa,7,úa
lg,7,lg
bufet,7,bufet
kombo,7,kombo
nỡ,7,nỡ
seafood,7,seafood
foodie,7,foodie
capuchino,7,capuchino
ktx,7,ktx
tưoi,7,tưoi
cừ,7,cừ
bo,7,bo
đăc,7,đăc
choka,7,choka
mixue,7,mixue
xè,7,xè
tnay,7,tnay
ml,7,ml
tẻ,7,tẻ
thaiexpress,7,thaiexpress
lừ,7,lừ
vu,7,vu
pv,7,phục vụ
kute,7,kute
ấu,7,ấu
vcl,7,vcl
vd,7,vd
hahaa,7,hahaa
gt,7,gt
hú,6,hú
hok,6,không
hssv,6,hssv
ib,6,nhắn tin
vù,6,vù
hotpot,6,hotpot
friends,6,friends
hđ,6,hđ
tá,6,tá
khg,6,không
hmm,6,hmm
hanoifood,6,hanoifood
ipad,6,ipad
hê,6,hê
nhma,6,nhma
shisha,6,shisha
ksan,6,ksan
linhshinichi,6,linhshinichi
foods,6,foods
sà,6,sà
vegan,6,vegan
nổ,6,nổ
kemcheese,6,kemcheese
hichic,6,hichic
goky,6,goky
mocktail,6,mocktail
tira,6,tira
cookies,6,cookies
bb,6,bb
ủa,6,ủa
miếg,6,miếg
yutang,6,yutang
drinks,6,drinks
nchug,6,nchug
chesee,6,chesee
rã,6,rã
cheesse,6,cheesse
thoii,6,thoii
đờ,6,đờ
pnt,6,pnt
rồii,6,rồii
nachos,6,nachos
cuzng,6,cuzng
đươc,6,đươc
ps,6,ps
burrata,6,burrata
zậy,6,vậy
mọ,6,mọ
mih,6,mih
qq,6,qq
lì,6,lì
đăt,6,đăt
places,6,places
bik,6,bik
packaging,6,packaging
cgiac,6,cgiac
maika,6,maika
cgi,6,cgi
ởn,6,ởn
ọp,6,ọp
lỗ,6,lỗ
ẹp,6,ẹp
bg,6,bg
mexico,6,mexico
mớ,6,mớ
chăc,6,chăc
bỉ,6,bỉ
ối,6,ối
phuc,6,phuc
ẩn,6,ẩn
bẻ,6,bẻ
bibimbap,6,bibimbap
pb,6,pb
viet,5,viet
vđ,5,vđ
cỗ,5,cỗ
cọ,5,cọ
óp,5,óp
clg,5,clg
vđề,5,vđề
schua,5,schua
tl,5,tl
ưi,5,ưi
sb,5,sb
nạ,5,nạ
pl,5,pl
cmn,5,cmn
ỏder,5,ỏder
vú,5,vú
hadu,5,hadu
nhòa,5,nhòa
seeding,5,seeding
đn,5,đn
rả,5,rả
vờ,5,vờ
bobapop,5,bobapop
mozzarella,5,mozzarella
ýy,5,ýy
uể,5,uể
vchg,5,vchg
nơ,5,nơ
cở,5,cở
tè,5,tè
thic,5,thích
ới,5,ới
thich,5,thich
maneki,5,maneki
nhât,5,nhât
kẻ,5,kẻ
ctr,5,ctr
piza,5,piza
lị,5,lị
hỏa,5,hỏa
beers,5,beers
goodbye,5,goodbye
btw,5,btw
xl,5,xl
gthieu,5,gthieu
éo,5,éo
ku,5,ku
đọ,5,đọ
lutulata,5,lutulata
xị,5,xị
americano,5,americano
dq,5,dq
vò,5,vò
cappuccino,5,cappuccino
kmai,5,khuyến mãi
al,5,al
okk,5,okk
nu,5,nu
môt,5,môt
bô,5,bô
vinamilk,5,vinamilk
yakult,5,yakult
hnoi,5,hnoi
having,5,having
cali,5,cali
kakao,5,kakao
hicc,5,hicc
hl,5,hl
rỡ,5,rỡ
hk,5,hk
aen,5,aen
yomost,5,yomost
dỗ,5,dỗ
nuong,5,nuong
yogurt,5,yogurt
luk,5,luk
nutella,5,nutella
dò,5,dò
vuvu,5,vuvu
bât,5,bât
served,5,served
jambon,5,jambon
hotto,5,hotto
fastfood,5,fastfood
detox,5,detox
tv,5,tv
đò,4,đò
sasimi,4,sasimi
kẽ,4,kẽ
vnpay,4,vnpay
cc,4,cc
gù,4,gù
đừ,4,đừ
vbb,4,vbb
híc,4,híc
nvay,4,nvay
café,4,café
tandoori,4,tandoori
vo,4,vo
rỉ,4,rỉ
mủ,4,mủ
huhuhu,4,huhuhu
nuớc,4,nuớc
nct,4,nct
hallowen,4,hallowen
tuk,4,tuk
hihii,4,hihii
website,4,website
hjhj,4,hjhj
đú,4,đú
tuoi,4,tuoi
hihe,4,hihe
rơ,4,rơ
chât,4,chât
haidilao,4,haidilao
hjx,4,hjx
vietnam,4,vietnam
hanbok,4,hanbok
choux,4,choux
maian,4,maian
đệ,4,đệ
hbt,4,hbt
gơ,4,gơ
nta,4,nta
hàg,4,hàg
hxhx,4,hxhx
capricciosa,4,capricciosa
thúy,4,thúy
sales,4,sales
chingu,4,chingu
cheddar,4,cheddar
tsao,4,tsao
soju,4,soju
houjicha,4,houjicha
hawaii,4,hawaii
gõ,4,gõ
ntnao,4,ntnao
đuờng,4,đuờng
thôii,4,thôii
vy,4,vy
đỉnk,4,đỉnk
saigon,4,saigon
popeyes,4,popeyes
meiwei,4,meiwei
kt,4,kt
đuoc,4,đuoc
hêt,4,hêt
buffee,4,buffee
humberger,4,humberger
vien,4,vien
gỉ,4,gỉ
vơ,4,vơ
đố,4,đố
tà,4,tà
sach,4,sach
bgio,4,bgio
nể,4,nể
zpizza,4,zpizza
xạ,4,xạ
streetfood,4,streetfood
quáa,4,quáa
jambong,4,jambong
zồi,4,zồi
khach,4,khach
uii,4,uii
sỉ,4,sỉ
án,4,án
pa,4,pa
lnao,4,lnao
quanganh,4,quanganh
nhòe,4,nhòe
atiso,4,atiso
seoul,4,seoul
wf,4,wf
cùg,4,cùg
au,4,au
ói,4,ói
foodlover,4,foodlover
nhéee,4,nhéee
nhée,4,nhée
foodporn,4,foodporn
seems,4,seems
lượg,4,lượg
cvl,4,cvl
indomie,4,indomie
oh,4,oh
ôk,4,ôk
dj,4,dj
oregano,4,oregano
ngol,4,ngol
tỷ,4,tỷ
dí,4,dí
omg,4,omg
reviewfoody,4,reviewfoody
lsau,4,lsau
adayroi,4,adayroi
dề,4,dề
mạ,4,mạ
suat,4,suat
katsu,4,katsu
tỏa,4,tỏa
ribeye,4,ribeye
dừ,4,dừ
teamnhauholic,4,teamnhauholic
tokbukki,4,tokbukki
lozi,4,lozi
duan,4,duan
luon,4,luon
ahuhu,4,ahuhu
okonomiyaki,4,okonomiyaki
ngòai,4,ngòai
jninhanoi,4,jninhanoi
london,4,london
ali,4,ali
alisan,4,alisan
etc,4,etc
amp,4,amp
xỉ,4,xỉ
tokboki,4,tokboki
shopeefood,4,shopeefood
ôlong,4,ôlong
pozaa,4,pozaa
us,4,us
creamcheese,4,creamcheese
obama,4,obama
gardenista,4,gardenista
khóa,4,khóa
sôt,4,sôt
crep,4,crep
lắmm,4,lắmm
bento,4,bento
uốg,4,uốg
moka,4,moka
út,4,út
lộ,4,lộ
lố,4,lố
trk,4,trk
xi,4,xi
igongcha,4,igongcha
gausfood,4,gausfood
mu,4,mu
bọ,4,bọ
beamin,4,beamin
ỏi,4,ỏi
đaay,4,đaay
bann,4,bann
ănn,4,ănn
hở,4,hở
hòe,3,hòe
rasm,3,rasm
ốt,3,ốt
riview,3,riview
sp,3,sản phẩm
beehub,3,beehub
đớ,3,đớ
thpt,3,thpt
sttcdd,3,sttcdd
jour,3,jour
bccb,3,bccb
kfai,3,kfai
miệg,3,miệg
ạaa,3,ạaa
rcm,3,rcm
beverages,3,beverages
khônh,3,khônh
biét,3,biét
viêc,3,viêc
bệ,3,bệ
sopha,3,sopha
kbiet,3,kbiet
ad,3,ad
mm,3,mm
bff,3,bff
reviewnow,3,reviewnow
pz,3,pz
bminh,3,bminh
bả,3,bả
hý,3,hý
nhưnh,3,nhưnh
vit,3,vit
ậm,3,ậm
bnhieu,3,bnhieu
koh,3,koh
bế,3,bế
keke,3,keke
re,3,re
bẹ,3,bẹ
đễ,3,đễ
started,3,started
mộ,3,mộ
hotdeal,3,hotdeal
uóng,3,uóng
nhueng,3,nhueng
kitkool,3,kitkool
bqq,3,bqq
ơr,3,ơr
ipa,3,ipa
vde,3,vde
internet,3,internet
qtam,3,qtam
instafood,3,instafood
um,3,um
qlai,3,qlai
ssm,3,ssm
hx,3,hx
tym,3,tym
puding,3,puding
vibe,3,vibe
ừm,3,ừm
vegla,3,vegla
indo,3,indo
rà,3,rà
mỗ,3,mỗ
banchan,3,banchan
qb,3,qb
vcđ,3,vcđ
asked,3,asked
rt,3,rt
ấyy,3,ấyy
ục,3,ục
ams,3,ams
ạh,3,ạh
andochin,3,andochin
uh,3,ừ
japchae,3,japchae
kidiinhanoi,3,kidiinhanoi
aoen,3,aoen
tuỵet,3,tuỵet
hêhhe,3,hêhhe
hqv,3,hqv
rấ,3,rấ
roti,3,roti
kk,3,kk
mừ,3,mừ
mt,3,mt
aqn,3,aqn
miliket,3,miliket
nk,3,nk
rể,3,rể
mẽ,3,mẽ
italia,3,italia
mị,3,mị
kcg,3,kcg
fa,3,fa
pk,3,pk
offers,3,offers
zách,3,zách
gd,3,gd
gdinh,3,gdinh
sộ,3,sộ
dg,3,dg
gv,3,gv
mancha,3,mancha
thươngf,3,thươngf
gunkan,3,gunkan
makoto,3,makoto
nge,3,nge
đchi,3,đchi
fanta,3,fanta
zị,3,zị
mantu,3,mantu
pieces,3,pieces
gém,3,gém
gạ,3,gạ
vĩ,3,vĩ
taco,3,taco
charmvit,3,charmvit
neu,3,neu
sharetea,3,sharetea
dozo,3,dozo
đè,3,đè
tks,3,tks
vưaf,3,vưaf
gò,3,gò
tips,3,tips
ordee,3,ordee
dokki,3,dokki
đâuu,3,đâuu
cno,3,cno
oy,3,oy
fback,3,fback
đii,3,đii
cớ,3,cớ
điẻm,3,điẻm
òa,3,òa
smoothies,3,smoothies
schannel,3,schannel
nề,3,nề
pesto,3,pesto
xíuu,3,xíuu
ngkhac,3,ngkhac
bỡ,3,bỡ
sml,3,sml
tlj,3,tlj
ngot,3,ngot
panacotta,3,panacotta
lữoi,3,lữoi
lự,3,lự
magie,3,magie
đe,3,đe
chotto,3,chotto
sd,3,sd
churros,3,churros
chuym,3,chuym
xó,3,xó
tqb,3,tqb
cmnl,3,cmnl
nướg,3,nướg
đlm,3,đlm
oimeoi,3,oimeoi
tiktok,3,tiktok
nươcs,3,nươcs
cự,3,cự
timecity,3,timecity
xx,3,xx
pizzas,3,pizzas
pavlova,3,pavlova
canu,3,canu
vons,3,vons
dỡ,3,dỡ
nvs,3,nvs
tiramitsu,3,tiramitsu
freezy,3,freezy
foodstagram,3,foodstagram
seemed,3,seemed
xd,3,xd
vsinh,3,vsinh
nguòi,3,nguòi
yt,3,yt
tteokbokki,3,tteokbokki
cappuchino,3,cappuchino
cv,3,cv
lquan,3,lquan
nhah,3,nhah
ones,3,ones
lf,3,lf
tirant,3,tirant
yihetang,3,yihetang
hg,3,hg
dả,3,dả
ctkm,3,ctkm
caffee,3,caffee
cafes,3,cafes
metro,3,metro
cac,3,cac
nuóng,3,nuóng
hihihi,3,hihihi
bụ,3,bụ
vkck,3,vkck
hcm,3,hcm
vtv,3,vtv
hazenut,3,hazenut
tk,3,tk
cbi,3,cbi
vè,3,vè
thâp,3,thâp
đúg,3,đúg
galbi,3,galbi
okla,3,okla
đac,3,đac
thx,3,thx
cofee,3,cofee
lasagna,3,lasagna
mayonaise,3,mayonaise
lol,3,lol
espresso,3,espresso
ngĩ,3,ngĩ
ktc,3,ktc
luong,3,luong
côg,3,côg
nz,3,nz
thuờng,3,thuờng
yu,3,yu
lozihanoi,3,lozihanoi
vx,3,vx
nhiêù,3,nhiêù
ohi,3,ohi
đươcj,3,đươcj
ecard,3,ecard
hastag,3,hastag
súo,2,súo
lha,2,lha
mổ,2,mổ
tati,2,tati
thanhtatua,2,thanhtatua
liked,2,liked
khoing,2,khoing
sọ,2,sọ
tđn,2,tđn
koo,2,koo
lú,2,lú
măt,2,măt
mùo,2,mùo
tooping,2,tooping
tcd,2,tcd
nhăc,2,nhăc
sạh,2,sạh
tonkatsu,2,tonkatsu
lqs,2,lqs
keangnam,2,keangnam
loship,2,loship
tokpokki,2,tokpokki
ls,2,ls
nhưbg,2,nhưbg
lsao,2,lsao
luac,2,luac
mũ,2,mũ
kcj,2,kcj
toppings,2,toppings
tb,2,tb
ll,2,ll
tetrazzini,2,tetrazzini
sũ,2,sũ
mât,2,mât
ló,2,ló
located,2,located
tobokki,2,tobokki
ngưòi,2,ngưòi
khac,2,khac
luợng,2,luợng
looked,2,looked
tươg,2,tươg
teryaki,2,teryaki
teok,2,teok
tazo,2,tazo
mó,2,mó
luoon,2,luoon
kemm,2,kemm
thaya,2,thaya
nháa,2,nháa
tiêp,2,tiêp
tw,2,tw
tuơi,2,tuơi
mieng,2,mieng
mifnh,2,mifnh
meatplus,2,meatplus
meals,2,meals
ktop,2,ktop
mcdonald,2,mcdonald
tvv,2,tvv
thâyd,2,thâyd
milkfoam,2,milkfoam
marriott,2,marriott
ne,2,ne
milktea,2,milktea
kiot,2,kiot
taiwan,2,taiwan
minhd,2,minhd
minhhien,2,minhhien
kimpap,2,kimpap
nhiêud,2,nhiêud
things,2,things
nchuyen,2,nchuyen
tokyo,2,tokyo
micoem,2,micoem
kl,2,kl
mgg,2,mgg
kom,2,kom
koroke,2,koroke
tako,2,tako
kout,2,kout
nhiềuu,2,nhiềuu
meow,2,meow
suât,2,suât
kodo,2,kodo
kobe,2,kobe
kphai,2,kphai
nhiề,2,nhiề
mentioned,2,mentioned
kpop,2,kpop
kpub,2,kpub
nhiẹt,2,nhiẹt
tuyet,2,tuyet
thuong,2,thuong
nayg,2,nayg
masala,2,masala
kieu,2,kieu
tùe,2,tùe
nhats,2,nhats
khôngg,2,khôngg
moji,2,moji
nhiet,2,nhiet
laca,2,laca
sxuat,2,sxuat
trôg,2,trôg
mokchang,2,mokchang
lands,2,lands
nhee,2,nhee
khâc,2,khâc
missed,2,missed
sôcla,2,sôcla
tiramissu,2,tiramissu
moouse,2,moouse
nhat,2,nhat
tronh,2,tronh
learys,2,learys
nhânn,2,nhânn
leetee,2,leetee
ngoc,2,ngoc
tíh,2,tíh
lứmm,2,lứmm
sumobbq,2,sumobbq
mlemm,2,mlemm
thưc,2,thưc
mistakes,2,mistakes
thưr,2,thưr
mizy,2,mizy
mandu,2,mandu
trứg,2,trứg
thấychủ,2,thấychủ
ngen,2,ngen
kô,2,kô
nhiêt,2,nhiêt
sweetc,2,sweetc
thậtt,2,thậtt
sụ,2,sụ
miệngg,2,miệngg
maccaron,2,maccaron
kề,2,kề
sỡ,2,sỡ
thfi,2,thfi
kị,2,kị
nguời,2,nguời
tchl,2,tchl
kcc,2,kcc
ctm,2,ctm
đbiet,2,đbiet
đb,2,đb
colette,2,colette
passio,2,passio
cosmo,2,cosmo
countdown,2,countdown
ăb,2,ăb
ýyy,2,ýyy
creme,2,creme
úi,2,úi
ctac,2,ctac
seconds,2,seconds
cocacola,2,cocacola
ùn,2,ùn
cucng,2,cucng
ùa,2,ùa
ôtô,2,ôtô
cutisun,2,cutisun
càe,2,càe
càg,2,càg
câc,2,câc
sehort,2,sehort
òm,2,òm
cò,2,cò
cocary,2,cocary
pcach,2,pcach
êu,2,êu
saturdays,2,saturdays
chg,2,chg
chicago,2,chicago
đuợc,2,đuợc
chizu,2,chizu
đuọc,2,đuọc
chocalate,2,chocalate
đth,2,đth
đp,2,đp
saoo,2,saoo
php,2,php
chup,2,chup
đm,2,đm
sctc,2,sctc
châc,2,châc
đl,2,đl
chée,2,chée
phomaique,2,phomaique
chóe,2,chóe
chăns,2,chăns
cis,2,cis
pema,2,pema
đeens,2,đeens
cminh,2,cminh
pct,2,pct
òi,2,òi
paloma,2,paloma
chevi,2,chevi
yifang,2,yifang
duyệtt,2,duyệtt
youtube,2,youtube
dx,2,dx
youtu,2,youtu
dzyn,2,dzyn
dàii,2,dàii
dé,2,dé
ylang,2,ylang
dô,2,dô
dẽ,2,dẽ
dế,2,dế
dứoi,2,dứoi
yy,2,yy
echoes,2,echoes
yc,2,yc
yamaha,2,yamaha
el,2,el
enjoyed,2,enjoyed
xừ,2,xừ
espace,2,espace
est,2,est
shit,2,shit
exyt,2,exyt
okelah,2,okelah
dth,2,dth
doner,2,doner
cũbg,2,cũbg
oà,2,oà
cũnh,2,cũnh
paleta,2,paleta
pakora,2,pakora
cạ,2,cạ
èo,2,èo
cừoi,2,cừoi
cữ,2,cữ
daruma,2,daruma
ák,2,ák
oẹ,2,oẹ
áaa,2,áaa
àa,2,àa
ordering,2,ordering
kbg,2,kbg
deka,2,deka
serves,2,serves
delio,2,delio
deluca,2,deluca
services,2,services
dep,2,dep
zì,2,zì
didn,2,didn
orimochi,2,orimochi
shabu,2,shabu
đág,2,đág
samcs,2,samcs
fami,2,fami
bij,2,bij
barista,2,barista
barkers,2,barkers
basa,2,basa
ụp,2,ụp
bc,2,bc
beirut,2,beirut
bestea,2,bestea
bezt,2,bezt
ròii,2,ròii
bic,2,bic
ọt,2,ọt
bimbim,2,bimbim
ủy,2,ủy
ọc,2,ọc
ỉm,2,ỉm
ỉa,2,ỉa
biẹt,2,biẹt
bl,2,bl
ẹo,2,ẹo
ẹc,2,ẹc
bmc,2,bmc
ắn,2,ắn
boardgame,2,boardgame
boisson,2,boisson
ủn,2,ủn
baog,2,baog
bonn,2,bonn
ap,2,ap
reviewbyhoangkieulinh,2,reviewbyhoangkieulinh
admin,2,admin
rando,2,rando
ro,2,ro
aiyu,2,aiyu
roasted,2,roasted
alfredo,2,alfredo
alocafe,2,alocafe
alotrip,2,alotrip
qúan,2,qúan
qên,2,qên
quavatonline,2,quavatonline
ứt,2,ứt
archi,2,archi
royy,2,royy
arugula,2,arugula
atm,2,atm
qtrong,2,qtrong
attp,2,attp
ay,2,ay
qli,2,qli
balcon,2,balcon
balo,2,balo
ực,2,ực
ần,2,ần
botanica,2,botanica
pizaa,2,pizaa
cd,2,cd
caffe,2,caffe
đặ,2,đặ
caia,2,caia
rợ,2,rợ
canifa,2,canifa
sabi,2,sabi
cappucino,2,cappucino
carb,2,carb
đư,2,đư
castella,2,castella
đătj,2,đătj
playlist,2,playlist
cabine,2,cabine
cfe,2,cfe
cgai,2,cgai
sala,2,sala
chaebon,2,chaebon
đôj,2,đôj
đôg,2,đôg
pizzino,2,pizzino
chaolong,2,chaolong
charme,2,charme
salads,2,salads
chatime,2,chatime
cafein,2,cafein
bụngg,2,bụngg
ấp,2,ấp
ưngg,2,ưngg
br,2,br
ảm,2,ảm
brekka,2,brekka
bro,2,bro
rẩ,2,rẩ
ạa,2,ạa
btm,2,btm
btt,2,btt
btx,2,btx
bubblegum,2,bubblegum
ưnh,2,ưnh
buk,2,buk
bợ,2,bợ
ơii,2,ơii
promo,2,promo
burata,2,burata
burder,2,burder
đứ,2,đứ
bv,2,bv
bve,2,bve
đồngvà,2,đồngvà
ppl,2,ppl
bú,2,bú
rỗ,2,rỗ
xẻ,2,xẻ
decord,2,decord
greentea,2,greentea
nnay,2,nnay
gìo,2,gìo
hợ,2,hợ
hị,2,hị
hếtt,2,hếtt
uốnh,2,uốnh
nn,2,nn
stars,2,stars
sochu,2,sochu
nèee,2,nèee
instagood,2,instagood
vê,2,vê
hangchieu,2,hangchieu
hanoian,2,hanoian
nèe,2,nèe
hơpj,2,hơpj
nàyy,2,nàyy
hơp,2,hơp
sofitel,2,sofitel
gé,2,gé
iberico,2,iberico
guys,2,guys
vọg,2,vọg
info,2,info
indie,2,indie
goii,2,goii
inbox,2,inbox
impressed,2,impressed
gojek,2,gojek
ihđ,2,ihđ
waffles,2,waffles
gonna,2,gonna
vỹ,2,vỹ
nưã,2,nưã
vở,2,vở
iem,2,iem
urgo,2,urgo
nưax,2,nưax
nưac,2,nưac
iceblend,2,iceblend
hd,2,hd
vtc,2,vtc
hdo,2,hdo
nuóc,2,nuóc
viêt,2,viêt
vicom,2,vicom
hjc,2,hjc
nowfood,2,nowfood
hjk,2,hjk
hm,2,hm
hnhu,2,hnhu
hno,2,hno
vietgangz,2,vietgangz
homestay,2,homestay
spagetti,2,spagetti
vietgap,2,vietgap
htm,2,htm
honore,2,honore
vietnamfood,2,vietnamfood
htk,2,htk
hsau,2,hsau
sony,2,sony
hibicus,2,hibicus
vscocam,2,vscocam
xôg,2,xôg
nogn,2,nogn
hơii,2,hơii
hơ,2,hơ
hđó,2,hđó
hđt,2,hđt
vcc,2,vcc
st,2,st
voted,2,voted
veggie,2,veggie
noodles,2,noodles
heniken,2,heniken
nvc,2,nvc
heytea,2,heytea
vnđ,2,vnđ
hv,2,hv
verified,2,verified
ssam,2,ssam
giừo,2,giừo
hsinh,2,hsinh
xê,2,xê
jirisan,2,jirisan
ocha,2,ocha
jacksons,2,jacksons
jw,2,jw
siuu,2,siuu
kabab,2,kabab
furin,2,furin
fika,2,fika
jardin,2,jardin
sieuhoifa,2,sieuhoifa
foglian,2,foglian
xuat,2,xuat
jegu,2,jegu
ubnd,2,ubnd
offline,2,offline
ocd,2,ocd
freezee,2,freezee
nhưnv,2,nhưnv
jimasal,2,jimasal
foodyhoankiem,2,foodyhoankiem
xiaolong,2,xiaolong
uk,2,ừ
foodblogger,2,foodblogger
fettucine,2,fettucine
fooddiary,2,fooddiary
nighteen,2,nighteen
italy,2,italy
jngtown,2,jngtown
jolibee,2,jolibee
feelingtea,2,feelingtea
foodhouse,2,foodhouse
wth,2,wth
nộ,2,nộ
fiew,2,fiew
sm,2,sm
gg,2,gg
genmaicha,2,genmaicha
nhưngx,2,nhưngx
kbbf,2,kbbf
gc,2,gc
gatô,2,gatô
foodphotography,2,foodphotography
fd,2,fd
ghọi,2,ghọi
riviu,1,riviu
risotto,1,risotto
rẹ,1,rẹ
tantruong,1,tantruong
sriracha,1,sriracha
tan地区にあります,1,tan地区にあります
tarte,1,tarte
taàm,1,taàm
tann,1,tann
râts,1,râts
rique,1,rique
srilanka,1,srilanka
rồix,1,rồix
reviewdoanhanoi,1,reviewdoanhanoi
takochan,1,takochan
reviewers,1,reviewers
rồinhanh,1,rồinhanh
rewier,1,rewier
supported,1,supported
tamchimpan,1,tamchimpan
speaks,1,speaks
sunwah,1,sunwah
tandoor,1,tandoor
rewiew,1,rewiew
rỏ,1,rỏ
specialties,1,specialties
riew,1,riew
sunmoon,1,sunmoon
tcg,1,tcg
rọ,1,rọ
tanmềm,1,tanmềm
rễ,1,rễ
ripeye,1,ripeye
stus,1,stus
sumobbqhuynhthuckhang,1,sumobbqhuynhthuckhang
robo,1,robo
roza,1,roza
ruining,1,ruining
tateedennee,1,tateedennee
staying,1,staying
sucks,1,sucks
ruou,1,ruou
taylors,1,taylors
suchu,1,suchu
ríuu,1,ríuu
ruồ,1,ruồ
speacial,1,speacial
tatoo,1,tatoo
rãii,1,rãii
subcook,1,subcook
staystrong,1,staystrong
ruợu,1,ruợu
stctdd,1,stctdd
tatjt,1,tatjt
rz,1,rz
steakhouse,1,steakhouse
steakout,1,steakout
stranged,1,stranged
rqngf,1,rqngf
stt,1,stt
sttcđđ,1,sttcđđ
sugest,1,sugest
rẩt,1,rẩt
ssẵn,1,ssẵn
tasters,1,tasters
robomilktea,1,robomilktea
robusta,1,robusta
rấtđẹp,1,rấtđẹp
tastes,1,tastes
rấtnhiuf,1,rấtnhiuf
staek,1,staek
stix,1,stix
suata,1,suata
roikh,1,roikh
summo,1,summo
rolls,1,rolls
rooftopcoffe,1,rooftopcoffe
rươis,1,rươis
roomate,1,roomate
stardust,1,stardust
roonh,1,roonh
royalcity,1,royalcity
rơx,1,rơx
shoppee,1,shoppee
taanj,1,taanj
spaketti,1,spaketti
servers,1,servers
smaf,1,smaf
sells,1,sells
ság,1,ság
slower,1,slower
sòy,1,sòy
skhoe,1,skhoe
sk,1,sk
surimi,1,surimi
sixpub,1,sixpub
sits,1,sits
sirô,1,sirô
sẻvice,1,sẻvice
sins,1,sins
setcombo,1,setcombo
sỉo,1,sỉo
sị,1,sị
smartphone,1,smartphone
sxh,1,sxh
smecta,1,smecta
sehun,1,sehun
smiles,1,smiles
smoothiess,1,smoothiess
smoothy,1,smoothy
sx,1,sx
swensen,1,swensen
smothie,1,smothie
sections,1,sections
sốnh,1,sốnh
tcđ,1,tcđ
smothies,1,smothies
seasonned,1,seasonned
setmenu,1,setmenu
sinhtophucbontudautay,1,sinhtophucbontudautay
sh,1,sh
shio,1,shio
sưac,1,sưac
shops,1,shops
shows,1,shows
sưaz,1,sưaz
sưc,1,sưc
shisa,1,shisa
ships,1,ships
sưj,1,sưj
sưqx,1,sưqx
shipeer,1,shipeer
sưt,1,sưt
sươnf,1,sươnf
shoyu,1,shoyu
săc,1,săc
shif,1,shif
sảyy,1,sảyy
shiba,1,shiba
shrieking,1,shrieking
súhi,1,súhi
sheung,1,sheung
shushi,1,shushi
shbip,1,shbip
sù,1,sù
sieuthimuckho,1,sieuthimuckho
sinature,1,sinature
shawarma,1,shawarma
singapor,1,singapor
shakes,1,shakes
singum,1,singum
sảb,1,sảb
sweett,1,sweett
smurf,1,smurf
snacks,1,snacks
suâtz,1,suâtz
samosa,1,samosa
samlovecake,1,samlovecake
samisni,1,samisni
samgongi,1,samgongi
suơng,1,suơng
sỹ,1,sỹ
sallad,1,sallad
salem,1,salem
suôt,1,suôt
salats,1,salats
salas,1,salas
soo,1,soo
tadu,1,tadu
taipei,1,taipei
sooc,1,sooc
suợng,1,suợng
taiwanese,1,taiwanese
saladrongbien,1,saladrongbien
sorbet,1,sorbet
soó,1,soó
spageti,1,spageti
suxu,1,suxu
takana,1,takana
sahul,1,sahul
sadal,1,sadal
suwonf,1,suwonf
sacj,1,sacj
rựou,1,rựou
spaggetti,1,spaggetti
surprised,1,surprised
sampa,1,sampa
sữachua,1,sữachua
seaba,1,seaba
sodeep,1,sodeep
sdth,1,sdth
snhat,1,snhat
snhieeuf,1,snhieeuf
svđ,1,svđ
svien,1,svien
sớ,1,sớ
soba,1,soba
soboro,1,soboro
scoops,1,scoops
scones,1,scones
soccola,1,soccola
sciopa,1,sciopa
schanel,1,schanel
sbay,1,sbay
savoor,1,savoor
sữ,1,sữ
sauu,1,sauu
saukun,1,saukun
sapasa,1,sapasa
sụw,1,sụw
sanma,1,sanma
soloca,1,soloca
sangrila,1,sangrila
sangria,1,sangria
sologan,1,sologan
sanfransisco,1,sanfransisco
samwon,1,samwon
samrooftopinstar,1,samrooftopinstar
samrooftopcoffee,1,samrooftopcoffee
songs,1,songs
abc,1,abc
vaf,1,vaf
tdf,1,tdf
íi,1,íi
áy,1,áy
èee,1,èee
éc,1,éc
éch,1,éch
én,1,én
êi,1,êi
ên,1,ên
íii,1,íii
áh,1,áh
óing,1,óing
ón,1,ón
ót,1,ót
ôii,1,ôii
ôke,1,ôke
ôt,1,ôt
údujng,1,údujng
áii,1,áii
àh,1,àh
yummi,1,yummi
zzo,1,zzo
zealand,1,zealand
zem,1,zem
zin,1,zin
zinger,1,zinger
ziu,1,ziu
ziuu,1,ziuu
zl,1,zl
zài,1,zài
zở,1,zở
zè,1,zè
zìn,1,zìn
zăm,1,zăm
zĩn,1,zĩn
zề,1,zề
zới,1,zới
zờii,1,zờii
úông,1,úông
ýk,1,ýk
ým,1,ým
điêp,1,điêp
đhqg,1,đhqg
đhs,1,đhs
điaz,1,điaz
đieu,1,đieu
đijnh,1,đijnh
đixa,1,đixa
điã,1,điã
điểmm,1,điểmm
ăntối,1,ăntối
đjnh,1,đjnh
đkiện,1,đkiện
đlt,1,đlt
đnag,1,đnag
đnags,1,đnags
đncuar,1,đncuar
đnkc,1,đnkc
đhoc,1,đhoc
đhnn,1,đhnn
đhcn,1,đhcn
đey,1,đey
ănuống,1,ănuống
ănvặtkhuđốngđa,1,ănvặtkhuđốngđa
ănđứt,1,ănđứt
đamj,1,đamj
đangs,1,đangs
đaof,1,đaof
đat,1,đat
đax,1,đax
đch,1,đch
đcđ,1,đcđ
đee,1,đee
đeen,1,đeen
đeesn,1,đeesn
đei,1,đei
đejp,1,đejp
yêuu,1,yêuu
yukssam,1,yukssam
teabar,1,teabar
xing,1,xing
xet,1,xet
xetng,1,xetng
xf,1,xf
xg,1,xg
xiaast,1,xiaast
xich,1,xich
xik,1,xik
xinyi,1,xinyi
xdung,1,xdung
xiú,1,xiú
xjnk,1,xjnk
xkey,1,xkey
xobg,1,xobg
xopps,1,xopps
xs,1,xs
xteen,1,xteen
xeomdrink,1,xeomdrink
xdaya,1,xdaya
ythich,1,ythich
wontons,1,wontons
whos,1,whos
wi,1,wi
wiffi,1,wiffi
withmyclass,1,withmyclass
withmyfriends,1,withmyfriends
woah,1,woah
wonton,1,wonton
wooc,1,wooc
xala,1,xala
words,1,words
worlds,1,worlds
wowed,1,wowed
wua,1,wua
wuaf,1,wuaf
wá,1,wá
wí,1,wí
xuan,1,xuan
xuesan,1,xuesan
xuyêb,1,xuyêb
ye,1,ye
yabai,1,yabai
yaki,1,yaki
yakisoba,1,yakisoba
yakitori,1,yakitori
yaua,1,yaua
yb,1,yb
ycau,1,ycau
years,1,years
xuát,1,xuát
yhkn,1,yhkn
yi,1,yi
yihrtang,1,yihrtang
yo,1,yo
yogen,1,yogen
yogourt,1,yogourt
yolo,1,yolo
ya,1,ya
xự,1,xự
xỡ,1,xỡ
xớ,1,xớ
xuâtt,1,xuâtt
xxk,1,xxk
xxl,1,xxl
xòai,1,xòai
xòe,1,xòe
xòo,1,xòo
xóa,1,xóa
xôpa,1,xôpa
xõa,1,xõa
xúcxisch,1,xúcxisch
xưởg,1,xưởg
xẽ,1,xẽ
xếpđặt,1,xếpđặt
xề,1,xề
xố,1,xố
đoc,1,đoc
đoojng,1,đoojng
đos,1,đos
パラパラの玉子チャーハンに海老の濃厚なスープをかけて食べるスタイルです,1,パラパラの玉子チャーハンに海老の濃厚なスープをかけて食べるスタイルです
スープ,1,スープ
チキンに添えてあるココナッツ風味の揚げたbanh,1,チキンに添えてあるココナッツ風味の揚げたbanh
テーブルセッティングされた食器がとても可愛いかったです,1,テーブルセッティングされた食器がとても可愛いかったです
ノд,1,ノд
ハノイ最終日の夜なので綺麗で美味しいレストランで,1,ハノイ最終日の夜なので綺麗で美味しいレストランで
ハーフサイズでこのボリュームです,1,ハーフサイズでこのボリュームです
パスターブリューイングのクラフトビールで乾杯して,1,パスターブリューイングのクラフトビールで乾杯して
ピリ辛でレモングラスが効いていたのでトムヤムクンを優しくしたような味でした,1,ピリ辛でレモングラスが効いていたのでトムヤムクンを優しくしたような味でした
コチラの本店をえらびました,1,コチラの本店をえらびました
今回の旅行で鍋を食べてなかったので,1,今回の旅行で鍋を食べてなかったので
価格もローカルフードにしては高めの価格でした,1,価格もローカルフードにしては高めの価格でした
写真に写ってませんが鍋にはたっぷりのブンも付きます,1,写真に写ってませんが鍋にはたっぷりのブンも付きます
前回も頼んだチキンのグリルと茄子のグリルも安定の美味しさ,1,前回も頼んだチキンのグリルと茄子のグリルも安定の美味しさ
前回品切れしていた豚の角煮が食べれて嬉しい,1,前回品切れしていた豚の角煮が食べれて嬉しい
叉燒,1,叉燒
友達と二人で,1,友達と二人で
スタッフもみんな親切で,1,スタッフもみんな親切で
コスパよかった,1,コスパよかった
đowx,1,đowx
ồm,1,ồm
ẻo,1,ẻo
ẽpress,1,ẽpress
ếc,1,ếc
ỏd,1,ỏd
ỏo,1,ỏo
ỏrder,1,ỏrder
ốn,1,ốn
ộc,1,ộc
ガイドブックを見て気になっていたレトロな雰囲気の蟹鍋屋さん,1,ガイドブックを見て気になっていたレトロな雰囲気の蟹鍋屋さん
ởđây,1,ởđây
ựa,1,ựa
うどん,1,うどん
その後はボトルの白ワインをオーダーしました,1,その後はボトルの白ワインをオーダーしました
とコチラに,1,とコチラに
のような盛り付けも素敵,1,のような盛り付けも素敵
はまま,1,はまま
合わせて行かれるのをオススメします,1,合わせて行かれるのをオススメします
地酒も美味しい,1,地酒も美味しい
定価は,1,定価は
콩카페,1,콩카페
鍋はスタッフさんが一人前すつ取り分けてくれます,1,鍋はスタッフさんが一人前すつ取り分けてくれます
食べたかったティンリーの炒め物も食べれて嬉しい,1,食べたかったティンリーの炒め物も食べれて嬉しい
香港牛腩面秘,1,香港牛腩面秘
騙す,1,騙す
鳥肉の唐揚げはレモングラスの風味がとても美味しい,1,鳥肉の唐揚げはレモングラスの風味がとても美味しい
스타벅스,1,스타벅스
일요일,1,일요일
𝑩𝒂,1,𝑩𝒂
店舗あるうちの,1,店舗あるうちの
𝑪𝒉𝒂,1,𝑪𝒉𝒂
𝑻𝒓𝒊𝒆,1,𝑻𝒓𝒊𝒆
𝒈𝒂,1,𝒈𝒂
𝒏𝒈,1,𝒏𝒈
𝒏𝒖,1,𝒏𝒖
𝘾𝙤𝙛𝙛𝙚𝙚,1,𝘾𝙤𝙛𝙛𝙚𝙚
𝙍𝙤𝙤𝙛𝙩𝙤𝙥,1,𝙍𝙤𝙤𝙛𝙩𝙤𝙥
酒飲みのアテにピーナッツ,1,酒飲みのアテにピーナッツ
近くにハノイ鉄道の線路があるので,1,近くにハノイ鉄道の線路があるので
贅沢な味わい,1,贅沢な味わい
蟹の素揚げはインスタ映え,1,蟹の素揚げはインスタ映え
心地よい空間でした,1,心地よい空間でした
揚げネギがたっぷりのったスティッキーライスとセットになっていてご飯と一緒に食べるとまた美味しい,1,揚げネギがたっぷりのったスティッキーライスとセットになっていてご飯と一緒に食べるとまた美味しい
楽lên,1,楽lên
次回はアメリカ牛肉のすき焼きを食べてみよう,1,次回はアメリカ牛肉のすき焼きを食べてみよう
注意,1,注意
海老の味が濃く,1,海老の味が濃く
海鮮鍋もオーダーしました,1,海鮮鍋もオーダーしました
深夜営業が許されているtong,1,深夜営業が許されているtong
炒めた海老のタレをかけて完成する味付けです,1,炒めた海老のタレをかけて完成する味付けです
牛肉の肉うどん,1,牛肉の肉うどん
玉子チャーハンは味が薄く,1,玉子チャーハンは味が薄く
絶品海老チャーハンのお店と有名なローカルレストラン,1,絶品海老チャーハンのお店と有名なローカルレストラン
美味しいじゃなくてもとても高いです,1,美味しいじゃなくてもとても高いです
肉の量がとにかく多かった,1,肉の量がとにかく多かった
茄子の味付けが以前より少し甘味が強く感じました,1,茄子の味付けが以前より少し甘味が強く感じました
ẹt,1,ẹt
ặt,1,ặt
ặn,1,ặn
đí,1,đí
đâyf,1,đâyf
đâyy,1,đâyy
đâyz,1,đâyz
đâó,1,đâó
đêi,1,đêi
đêna,1,đêna
đêns,1,đêns
đíc,1,đíc
đưuọc,1,đưuọc
đóg,1,đóg
đôngf,1,đôngf
đôngn,1,đôngn
đúnng,1,đúnng
đăch,1,đăch
đơwji,1,đơwji
đưoc,1,đưoc
đâuz,1,đâuz
đâuuf,1,đâuuf
đâtbkinh,1,đâtbkinh
đât,1,đât
đoáa,1,đoáa
đqwcj,1,đqwcj
đtien,1,đtien
đubgs,1,đubgs
đucợ,1,đucợ
đuoejc,1,đuoejc
đuqowjc,1,đuqowjc
đuơc,1,đuơc
đv,1,đv
đvn,1,đvn
đx,1,được
đy,1,đy
đzai,1,đzai
đángg,1,đángg
đâ,1,đâ
đưong,1,đưong
đươngf,1,đươngf
ập,1,ập
ưvaof,1,ưvaof
đừg,1,đừg
đừmón,1,đừmón
đừong,1,đừong
đựo,1,đựo
đựơc,1,đựơc
ơt,1,ơt
ưua,1,ưua
ˆˆ,1,ˆˆ
đưọc,1,đưọc
ạn,1,ạn
ảipay,1,ảipay
ảnb,1,ảnb
ảnhững,1,ảnhững
ất,1,ất
ầy,1,ầy
ẫp,1,ẫp
đứg,1,đứg
đứcnhw,1,đứcnhw
đụ,1,đụ
đợc,1,đợc
đườnv,1,đườnv
đượcc,1,đượcc
đượcr,1,đượcr
đạtw,1,đạtw
đấyy,1,đấyy
đậhm,1,đậhm
đắg,1,đắg
đặnnhư,1,đặnnhư
đẹ,1,đẹ
đếc,1,đếc
đếi,1,đếi
đỉnhh,1,đỉnhh
đị,1,đị
đỏo,1,đỏo
đồg,1,đồg
whoppe,1,whoppe
whenjijieats,1,whenjijieats
westernized,1,westernized
tokkboki,1,tokkboki
tobbokki,1,tobbokki
tobok,1,tobok
toboki,1,toboki
toefl,1,toefl
toeic,1,toeic
toii,1,toii
tokbuki,1,tokbuki
tokki,1,tokki
tnhien,1,tnhien
tomyom,1,tomyom
toos,1,toos
topblade,1,topblade
topokki,1,topokki
toppboki,1,toppboki
toppinh,1,toppinh
tori,1,tori
tnxp,1,tnxp
tmore,1,tmore
tsua,1,tsua
tini,1,tini
thựuc,1,thựuc
tickets,1,tickets
tihichj,1,tihichj
timescity,1,timescity
timg,1,timg
tinha,1,tinha
tinhthucquan,1,tinhthucquan
tissues,1,tissues
tmf,1,tmf
tièn,1,tièn
tiẹm,1,tiẹm
tiẻn,1,tiẻn
tiế,1,tiế
tiếg,1,tiếg
tiếl,1,tiếl
tlai,1,tlai
tos,1,tos
touches,1,touches
touslesjoursvietnam,1,touslesjoursvietnam
trônng,1,trônng
trungnam,1,trungnam
truoecs,1,truoecs
truong,1,truong
truớc,1,truớc
trv,1,trv
trìnhđộ,1,trìnhđộ
trônn,1,trônn
trươc,1,trươc
touws,1,touws
trươcs,1,trươcs
trườnh,1,trườnh
trầngọi,1,trầngọi
trắg,1,trắg
trọg,1,trọg
trụy,1,trụy
trứang,1,trứang
trungkính,1,trungkính
truemilk,1,truemilk
trsua,1,trsua
trsi,1,trsi
tpc,1,tpc
tphcm,1,tphcm
tqh,1,tqh
traing,1,traing
trainning,1,trainning
trair,1,trair
tranning,1,tranning
travelling,1,travelling
travellvers,1,travellvers
trb,1,trb
tredn,1,tredn
trendy,1,trendy
trieu,1,trieu
tring,1,tring
trongănđậm,1,trongănđậm
thụy,1,thụy
thụnh,1,thụnh
thỏai,1,thỏai
theonữa,1,theonữa
thap,1,thap
thays,1,thays
thc,1,thc
thealay,1,thealay
thealley,1,thealley
thecocary,1,thecocary
thegioihaisan,1,thegioihaisan
ther,1,ther
thix,1,thix
thewhaletea,1,thewhaletea
thgian,1,thgian
thid,1,thid
thien,1,thien
thieu,1,thieu
thif,1,thif
thisach,1,thisach
thaoir,1,thaoir
thankyou,1,thankyou
thankiu,1,thankiu
thailand,1,thailand
teataste,1,teataste
techcombank,1,techcombank
teenagers,1,teenagers
tegu,1,tegu
tekka,1,tekka
tenders,1,tenders
terrasse,1,terrasse
teuwng,1,teuwng
tgicha,1,tgicha
tgif,1,tgif
tguwr,1,tguwr
thaay,1,thaay
thachj,1,thachj
thag,1,thag
thah,1,thah
thiwr,1,thiwr
thiêt,1,thiêt
thậg,1,thậg
thóang,1,thóang
thâys,1,thâys
thâyz,1,thâyz
thèmm,1,thèmm
thìcarm,1,thìcarm
thìcho,1,thìcho
thíchh,1,thíchh
thíhh,1,thíhh
thôiấy,1,thôiấy
thiất,1,thiất
thùy,1,thùy
thđ,1,thđ
thưauộc,1,thưauộc
thưòng,1,thưòng
thươngg,1,thươngg
thườnhg,1,thườnhg
thấ,1,thấ
thât,1,thât
tháiđộ,1,tháiđộ
thwjc,1,thwjc
thuết,1,thuết
thiẻu,1,thiẻu
thiếucuar,1,thiếucuar
thiệ,1,thiệ
thj,1,thj
thnc,1,thnc
thooi,1,thooi
thoy,1,thoy
thoág,1,thoág
threads,1,threads
thucphamkitkoolfoods,1,thucphamkitkoolfoods
thumbs,1,thumbs
thuo,1,thuo
thuongpigg,1,thuongpigg
thuoóc,1,thuoóc
thuôc,1,thuôc
tstcđđ,1,tstcđđ
tteobeokki,1,tteobeokki
wenxing,1,wenxing
vnu,1,vnu
vién,1,vién
viênnhanh,1,viênnhanh
việ,1,việ
việtít,1,việtít
vkl,1,vkl
vlon,1,vlon
vndでも,1,vndでも
vnxk,1,vnxk
vitaminc,1,vitaminc
volga,1,volga
vot,1,vot
vov,1,vov
vowia,1,vowia
vozanuong,1,vozanuong
vsattp,1,vsattp
vsco,1,vsco
vitamincake,1,vitamincake
visited,1,visited
tteobokki,1,tteobokki
vietnamesestreetfood,1,vietnamesestreetfood
vida,1,vida
viene,1,viene
vienthalau,1,vienthalau
vietnamesecuisine,1,vietnamesecuisine
vietnamesenoodles,1,vietnamesenoodles
vietnamesepeople,1,vietnamesepeople
vietnamesesoup,1,vietnamesesoup
vietnamnoodle,1,vietnamnoodle
vinperal,1,vinperal
views,1,views
viewđẹp,1,viewđẹp
vif,1,vif
viia,1,viia
vimcom,1,vimcom
vinahey,1,vinahey
vinaphone,1,vinaphone
vts,1,vts
vuaqf,1,vuaqf
vucanu,1,vucanu
waiters,1,waiters
vồ,1,vồ
vỗ,1,vỗ
vớimatcha,1,vớimatcha
vớiđứa,1,vớiđứa
vờii,1,vờii
vừ,1,vừ
vừađếnăn,1,vừađếnăn
waitresses,1,waitresses
vucng,1,vucng
wannawaffle,1,wannawaffle
wanted,1,wanted
waoo,1,waoo
wasn,1,wasn
wechat,1,wechat
weeks,1,weeks
welcomed,1,welcomed
vố,1,vố
vọ,1,vọ
vẻtu,1,vẻtu
vắg,1,vắg
vuive,1,vuive
vvà,1,vvà
vàođây,1,vàođây
vàođúng,1,vàođúng
vàođểăn,1,vàođểăn
vá,1,vá
vâyh,1,vâyh
vòa,1,vòa
văt,1,văt
vơia,1,vơia
vơid,1,vơid
vơis,1,vơis
vơiz,1,vơiz
vạ,1,vạ
vẩ,1,vẩ
vibes,1,vibes
vhết,1,vhết
vf,1,vf
tôc,1,tôc
tìe,1,tìe
tìh,1,tìh
tìmm,1,tìmm
tìnhh,1,tìnhh
tíi,1,tíi
tínthieejn,1,tínthieejn
tòe,1,tòe
tômyum,1,tômyum
tẩmướp,1,tẩmướp
tôta,1,tôta
tđt,1,tđt
tĩ,1,tĩ
tơp,1,tơp
tưingr,1,tưingr
tưngf,1,tưngf
tưởg,1,tưởg
tât,1,tât
txanh,1,txanh
twillight,1,twillight
tvà,1,tvà
tteok,1,tteok
tthiện,1,tthiện
ttp,1,ttp
ttrar,1,ttrar
ttđđ,1,ttđđ
tuborg,1,tuborg
tuc,1,tuc
tuhubread,1,tuhubread
tuktuk,1,tuktuk
tuqj,1,tuqj
tuyêt,1,tuyêt
tuyệtt,1,tuyệtt
tuzki,1,tuzki
tuàn,1,tuàn
tuởng,1,tuởng
tảt,1,tảt
tặg,1,tặg
veiw,1,veiw
vaiz,1,vaiz
uwifi,1,uwifi
uán,1,uán
uôang,1,uôang
uốngtoco,1,uốngtoco
vad,1,vad
resteraunt,1,resteraunt
vafcó,1,vafcó
vallhala,1,vallhala
tỉamisu,1,tỉamisu
vancloud,1,vancloud
vanila,1,vanila
vanni,1,vanni
vaxi,1,vaxi
vcci,1,vcci
vchuong,1,vchuong
veg,1,veg
uong,1,uong
uoings,1,uoings
uno,1,uno
underwhelming,1,underwhelming
tọa,1,tọa
tốtt,1,tốtt
tổg,1,tổg
tứk,1,tứk
tứoi,1,tứoi
từg,1,từg
từngăn,1,từngăn
uhm,1,uhm
uhu,1,uhu
uiduiui,1,uiduiui
ukie,1,ukie
ukii,1,ukii
ulala,1,ulala
umo,1,umo
unc,1,unc
revew,1,revew
nahats,1,nahats
restaurants,1,restaurants
foode,1,foode
fishouse,1,fishouse
fivimart,1,fivimart
fleur,1,fleur
flourless,1,flourless
foiegras,1,foiegras
followforfollow,1,followforfollow
followforfollowback,1,followforfollowback
followme,1,followme
fomi,1,fomi
foodfest,1,foodfest
fi,1,fi
foodiesofinstagram,1,foodiesofinstagram
foodphoto,1,foodphoto
foodpic,1,foodpic
foodreview,1,foodreview
foodshare,1,foodshare
foodshop,1,foodshop
foodside,1,foodside
foodsidedown,1,foodsidedown
foodstyle,1,foodstyle
fillings,1,fillings
fhung,1,fhung
ex,1,ex
farci,1,farci
expences,1,expences
expobar,1,expobar
expres,1,expres
eyes,1,eyes
facebooker,1,facebooker
failed,1,failed
fairtrade,1,fairtrade
faj,1,faj
fancha,1,fancha
fasst,1,fasst
fg,1,fg
fatyong,1,fatyong
fave,1,fave
favorites,1,favorites
fbker,1,fbker
fdeer,1,fdeer
fdy,1,fdy
feelings,1,feelings
fenghuang,1,fenghuang
ffinj,1,ffinj
foodtour,1,foodtour
foodycaugiay,1,foodycaugiay
foodydongda,1,foodydongda
ggmap,1,ggmap
ganngỗngpháp,1,ganngỗngpháp
gantrần,1,gantrần
gateux,1,gateux
gatherings,1,gatherings
gatox,1,gatox
gdi,1,gdi
gemi,1,gemi
generates,1,generates
gf,1,gf
gh,1,gh
foodyhaibatrung,1,foodyhaibatrung
ghitar,1,ghitar
ghôi,1,ghôi
gianđược,1,gianđược
gianđậm,1,gianđậm
giarng,1,giarng
gias,1,gias
giaz,1,giaz
giiá,1,giiá
girls,1,girls
gangnam,1,gangnam
games,1,games
fải,1,fải
futo,1,futo
foodynow,1,foodynow
foodysaigon,1,foodysaigon
foodythanhxuan,1,foodythanhxuan
foodyummy,1,foodyummy
foodyvn,1,foodyvn
foreigners,1,foreigners
fos,1,fos
fpt,1,fpt
fqpvuovdb,1,fqpvuovdb
frescos,1,frescos
fresher,1,fresher
frezee,1,frezee
frezze,1,frezze
fries,1,fries
frites,1,frites
fritters,1,fritters
fruitti,1,fruitti
fruz,1,fruz
fs,1,fs
exp,1,exp
evm,1,evm
hộiddoofng,1,hộiddoofng
dh,1,dh
deliciuos,1,deliciuos
deliery,1,deliery
delimanjoo,1,delimanjoo
delux,1,delux
demoo,1,demoo
desserts,1,desserts
detected,1,detected
deu,1,deu
dfaay,1,dfaay
dhs,1,dhs
deeuf,1,deeuf
dimah,1,dimah
discontinued,1,discontinued
diy,1,diy
djnk,1,djnk
dkm,1,dkm
doenjang,1,doenjang
dolce,1,dolce
dolpan,1,dolpan
donkatsu,1,donkatsu
delays,1,delays
decorations,1,decorations
events,1,events
dairu,1,dairu
cưói,1,cưói
cẩ,1,cẩ
cẩmel,1,cẩmel
củamình,1,củamình
cứnb,1,cứnb
cứuu,1,cứuu
cựcc,1,cựcc
daebak,1,daebak
daewoo,1,daewoo
dalat,1,dalat
deatea,1,deatea
danngoc,1,danngoc
dasani,1,dasani
dates,1,dates
daylalinhreview,1,daylalinhreview
dbiet,1,dbiet
dd,1,dd
ddasi,1,ddasi
ddtien,1,ddtien
ddây,1,ddây
donke,1,donke
dooiji,1,dooiji
doq,1,doq
employees,1,employees
dủ,1,dủ
earphones,1,earphones
eattheworld,1,eattheworld
ebest,1,ebest
edamame,1,edamame
edm,1,edm
eei,1,eei
eggs,1,eggs
eggtart,1,eggtart
en,1,en
doraemon,1,doraemon
enhancers,1,enhancers
enviroment,1,enviroment
eny,1,eny
eooif,1,eooif
ep,1,ep
epresso,1,epresso
ettiquete,1,ettiquete
euro,1,euro
eurowindow,1,eurowindow
dờ,1,dờ
dồ,1,dồ
dẫ,1,dẫ
dướ,1,dướ
doremon,1,doremon
dp,1,dp
dr,1,dr
dsược,1,dsược
dthuong,1,dthuong
duoc,1,duoc
dusted,1,dusted
duuy,1,duuy
duới,1,duới
dvoi,1,dvoi
dvụ,1,dvụ
dxc,1,dxc
dzách,1,dzách
dzô,1,dzô
dzị,1,dzị
dà,1,dà
dá,1,dá
dêz,1,dêz
dó,1,dó
givral,1,givral
giâ,1,giâ
giâc,1,giâc
homies,1,homies
hle,1,hle
hngf,1,hngf
hnj,1,hnj
hnào,1,hnào
hoac,1,hoac
hoei,1,hoei
hokaido,1,hokaido
holic,1,holic
holine,1,holine
homiez,1,homiez
hiênn,1,hiênn
honu,1,honu
hooj,1,hooj
hotay,1,hotay
hoăc,1,hoăc
hoăjc,1,hoăjc
hpm,1,hpm
hqd,1,hqd
hsan,1,hsan
ht,1,ht
hjxhjx,1,hjxhjx
hixx,1,hixx
gióing,1,gióing
higland,1,higland
hehehehe,1,hehehehe
hengg,1,hengg
henn,1,henn
hfng,1,hfng
hiahia,1,hiahia
hiao,1,hiao
highlang,1,highlang
highlans,1,highlans
hightea,1,hightea
higlands,1,higlands
hixhix,1,hixhix
hihihaha,1,hihihaha
hihiu,1,hihiu
hii,1,hii
hilton,1,hilton
hinglands,1,hinglands
hisbicus,1,hisbicus
hitc,1,hitc
hiuhiuu,1,hiuhiuu
hiway,1,hiway
htai,1,htai
hthường,1,hthường
htoan,1,htoan
hơph,1,hơph
hêh,1,hêh
hêhe,1,hêhe
hêhhee,1,hêhhee
hêhê,1,hêhê
hìh,1,hìh
hó,1,hó
hđấy,1,hđấy
hĩc,1,hĩc
hơnn,1,hơnn
hưngở,1,hưngở
htruoc,1,htruoc
hưong,1,hưong
hưua,1,hưua
hươg,1,hươg
hươnggr,1,hươnggr
hưởg,1,hưởg
hầp,1,hầp
hế,1,hế
hịc,1,hịc
hịhị,1,hịhị
héhe,1,héhe
hã,1,hã
hâp,1,hâp
hâii,1,hâii
http,1,http
htại,1,htại
huhuhuhu,1,huhuhuhu
humbuger,1,humbuger
humburger,1,humburger
hummus,1,hummus
hunhf,1,hunhf
huong,1,huong
hurom,1,hurom
hustlers,1,hustlers
huêhue,1,huêhue
huơng,1,huơng
hvan,1,hvan
hvnh,1,hvnh
hw,1,hw
hwoi,1,hwoi
hyundai,1,hyundai
hànng,1,hànng
hàun,1,hàun
hehehe,1,hehehe
heheh,1,heheh
heheeh,1,heheeh
gàui,1,gàui
grilling,1,grilling
groupsam,1,groupsam
gs,1,gs
guests,1,guests
gumi,1,gumi
gustoso,1,gustoso
guơng,1,guơng
gviec,1,gviec
gyudon,1,gyudon
gâp,1,gâp
gấuđi,1,gấuđi
gén,1,gén
gê,1,gê
gìđó,1,gìđó
gìơ,1,gìơ
gí,1,gí
gíac,1,gíac
găp,1,găp
găpj,1,găpj
gđinh,1,gđinh
gri,1,gri
greens,1,greens
grabexpress,1,grabexpress
goumin,1,goumin
giă,1,giă
gjamr,1,gjamr
gjes,1,gjes
gke,1,gke
gmc,1,gmc
gobou,1,gobou
gofood,1,gofood
goin,1,goin
gojeck,1,gojeck
goldlounge,1,goldlounge
goldmark,1,goldmark
gontasty,1,gontasty
goobye,1,goobye
goodfellas,1,goodfellas
goodjob,1,goodjob
goodtea,1,goodtea
gooe,1,gooe
googlemap,1,googlemap
gotta,1,gotta
gạoo,1,gạoo
gẻmini,1,gẻmini
hefkcha,1,hefkcha
hazz,1,hazz
hapa,1,hapa
happi,1,happi
happyrestaurant,1,happyrestaurant
harogate,1,harogate
hashbrown,1,hashbrown
hawai,1,hawai
hawain,1,hawain
hawoai,1,hawoai
hayy,1,hayy
hcmc,1,hcmc
gế,1,gế
hcn,1,hcn
hcung,1,hcung
hday,1,hday
healthyfood,1,healthyfood
heaters,1,heaters
hee,1,hee
heeij,1,heeij
heekca,1,heekca
heekcaa,1,heekcaa
haobquar,1,haobquar
hantien,1,hantien
hansol,1,hansol
hansarang,1,hansarang
gỉai,1,gỉai
gọic,1,gọic
gọimỳkhuyến,1,gọimỳkhuyến
gồ,1,gồ
habibi,1,habibi
habifood,1,habifood
hahaha,1,hahaha
hahahahahaahaha,1,hahahahahaahaha
haisan,1,haisan
haizza,1,haizza
haiđứa,1,haiđứa
hakushaku,1,hakushaku
hamberger,1,hamberger
hambogo,1,hambogo
hancook,1,hancook
handico,1,handico
hangkhoai,1,hangkhoai
hanoiwander,1,hanoiwander
hanosimex,1,hanosimex
cưs,1,cưs
cưc,1,cưc
cưar,1,cưar
boysday,1,boysday
boaro,1,boaro
bobochacha,1,bobochacha
boeetj,1,boeetj
bolognais,1,bolognais
bolognaise,1,bolognaise
bomerang,1,bomerang
bonuss,1,bonuss
books,1,books
boutique,1,boutique
bp,1,bp
bnhiu,1,bnhiu
bpgru,1,bpgru
bql,1,bql
brands,1,brands
brasserie,1,brasserie
breads,1,breads
brobingsu,1,brobingsu
brohotdog,1,brohotdog
bschj,1,bschj
btg,1,btg
bnj,1,bnj
bnh,1,bnh
bủger,1,bủger
biêtd,1,biêtd
bhưng,1,bhưng
bigbang,1,bigbang
bii,1,bii
biker,1,biker
bingbang,1,bingbang
biryani,1,biryani
bittet,1,bittet
biênt,1,biênt
biêta,1,biêta
biếtt,1,biếtt
bnah,1,bnah
bk,1,bk
blabla,1,blabla
blacklist,1,blacklist
bling,1,bling
blog,1,blog
bloh,1,bloh
blueberries,1,blueberries
bluesky,1,bluesky
bmy,1,bmy
bthxk,1,bthxk
btr,1,btr
buds,1,buds
bìnhluậnđánh,1,bìnhluậnđánh
buỏi,1,buỏi
bvmt,1,bvmt
báck,1,báck
bânh,1,bânh
bâth,1,bâth
bâyg,1,bâyg
bêđồđến,1,bêđồđến
bìh,1,bìh
bìnb,1,bìnb
bôth,1,bôth
budweiser,1,budweiser
búndelicieuxinhn,1,búndelicieuxinhn
băngf,1,băngf
bđầu,1,bđầu
bơt,1,bơt
bạ,1,bạ
bắ,1,bắ
bằg,1,bằg
bằnng,1,bằnng
bịêt,1,bịêt
buôc,1,buôc
bussiness,1,bussiness
busan,1,busan
burito,1,burito
bufe,1,bufe
buffetởđây,1,buffetởđây
bugerking,1,bugerking
buggogi,1,buggogi
bulapin,1,bulapin
bulogi,1,bulogi
bumba,1,bumba
bunbohue,1,bunbohue
bundaumet,1,bundaumet
bunmoc,1,bunmoc
bunrieucuaの様な味わいです,1,bunrieucuaの様な味わいです
buns,1,buns
buntronlen,1,buntronlen
bunziuganh,1,bunziuganh
buocs,1,buocs
buoi,1,buoi
buon,1,buon
burgerking,1,burgerking
burgers,1,burgers
bhs,1,bhs
bhd,1,bhd
bgay,1,bgay
anpan,1,anpan
aiêu,1,aiêu
ales,1,ales
allowed,1,allowed
althang,1,althang
amarone,1,amarone
amenicano,1,amenicano
amidan,1,amidan
ancathegioi,1,ancathegioi
aniversary,1,aniversary
ansaphn,1,ansaphn
aripay,1,aripay
antp,1,antp
anuong,1,anuong
anvathanoi,1,anvathanoi
aperitif,1,aperitif
appeared,1,appeared
appetiser,1,appetiser
appetit,1,appetit
appvinid,1,appvinid
arabica,1,arabica
aishi,1,aishi
aigu,1,aigu
ahuhuhuhuhu,1,ahuhuhuhuhu
ahjhj,1,ahjhj
acc,1,acc
accessories,1,accessories
accommodated,1,accommodated
acebb,1,acebb
acecaykhe,1,acecaykhe
adding,1,adding
addsam,1,addsam
ads,1,ads
aenh,1,aenh
aff,1,aff
affogato,1,affogato
afteryou,1,afteryou
agoda,1,agoda
agribank,1,agribank
ahaa,1,ahaa
ahha,1,ahha
ahhihi,1,ahhihi
ahihihihi,1,ahihihihi
ahii,1,ahii
ariang,1,ariang
aroi,1,aroi
bfu,1,bfu
beancurd,1,beancurd
bapscake,1,bapscake
baristar,1,baristar
bars,1,bars
baumkuchem,1,baumkuchem
baán,1,baán
bbc,1,bbc
bbe,1,bbe
bcuoi,1,bcuoi
bd,1,bd
beans,1,beans
artermis,1,artermis
beberry,1,beberry
beefs,1,beefs
beffy,1,beffy
beone,1,beone
berberin,1,berberin
berezka,1,berezka
bermin,1,bermin
bestseller,1,bestseller
bestworkingspaceever,1,bestworkingspaceever
baoも大好き,1,baoも大好き
banhs,1,banhs
banhranmat,1,banhranmat
banhranduong,1,banhranduong
asahi,1,asahi
asap,1,asap
asking,1,asking
attempts,1,attempts
attended,1,attended
attitudes,1,attitudes
atvs,1,atvs
aulacdo,1,aulacdo
auth,1,auth
aww,1,aww
aygu,1,aygu
bagutte,1,bagutte
bakers,1,bakers
balls,1,balls
bambo,1,bambo
bamboodimsum,1,bamboodimsum
bancangay,1,bancangay
banhd,1,banhd
banhmy,1,banhmy
bồđề,1,bồđề
bửoi,1,bửoi
cơmchien,1,cơmchien
cocopalm,1,cocopalm
cmay,1,cmay
cml,1,cml
cmnr,1,cmnr
cmsn,1,cmsn
cnhung,1,cnhung
cobb,1,cobb
coc,1,coc
cocktails,1,cocktails
coconuts,1,coconuts
coctailk,1,coctailk
cj,1,cj
codn,1,codn
cohiba,1,cohiba
coldbrew,1,coldbrew
coldcuts,1,coldcuts
colgate,1,colgate
colleagues,1,colleagues
comback,1,comback
combor,1,combor
combos,1,combos
clb,1,clb
ciếc,1,ciếc
cabonara,1,cabonara
chẵc,1,chẵc
chêese,1,chêese
chòy,1,chòy
chúiđầu,1,chúiđầu
chútt,1,chútt
chưd,1,chưd
chấtđà,1,chấtđà
chậmm,1,chậmm
chắcnghe,1,chắcnghe
chắnn,1,chắnn
chỉtl,1,chỉtl
ciên,1,ciên
chồg,1,chồg
chụy,1,chụy
chứnk,1,chứnk
cici,1,cici
ciel,1,ciel
cing,1,cing
ciopino,1,ciopino
citea,1,citea
citi,1,citi
comngon,1,comngon
compared,1,compared
contener,1,contener
cí,1,cí
cuts,1,cuts
cux,1,cux
cuả,1,cuả
cz,1,cz
càfe,1,càfe
càphe,1,càphe
cã,1,cã
cì,1,cì
cìn,1,cìn
cíu,1,cíu
cooki,1,cooki
cócar,1,cócar
códe,1,códe
côca,1,côca
cônh,1,cônh
côsc,1,côsc
côt,1,côt
cùngđợt,1,cùngđợt
cđm,1,cđm
cũnv,1,cũnv
cuteo,1,cuteo
cups,1,cups
cupcakes,1,cupcakes
cunhx,1,cunhx
coopmart,1,coopmart
cosa,1,cosa
covers,1,covers
covit,1,covit
cravings,1,cravings
creamchesse,1,creamchesse
crepes,1,crepes
crinkles,1,crinkles
crème,1,crème
csi,1,csi
cskh,1,cskh
cta,1,cta
cto,1,cto
ctoi,1,ctoi
cubgf,1,cubgf
cuc,1,cuc
cuejc,1,cuejc
cugx,1,cugx
cuisines,1,cuisines
chêch,1,chêch
châmd,1,châmd
cháyy,1,cháyy
changachienmamsieungon,1,changachienmamsieungon
cbj,1,cbj
cbị,1,cbị
ceasar,1,ceasar
cer,1,cer
cfon,1,cfon
cgung,1,cgung
chachago,1,chachago
chairs,1,chairs
chanelsamrooftopcoffee,1,chanelsamrooftopcoffee
changalover,1,changalover
cheerda,1,cheerda
changanuong,1,changanuong
changanuongbatrieu,1,changanuongbatrieu
chanhleo,1,chanhleo
chanwhr,1,chanwhr
chanyeol,1,chanyeol
chaplin,1,chaplin
chatani,1,chatani
chaát,1,chaát
cheaper,1,cheaper
cban,1,cban
cavs,1,cavs
cauliflour,1,cauliflour
caugiay,1,caugiay
cacton,1,cacton
cafeởđây,1,cafeởđây
cahứn,1,cahứn
called,1,called
calls,1,calls
calo,1,calo
calzone,1,calzone
caoo,1,caoo
caosu,1,caosu
cappu,1,cappu
capu,1,capu
capuccino,1,capuccino
caraemel,1,caraemel
carbs,1,carbs
caremen,1,caremen
caring,1,caring
carnh,1,carnh
casa,1,casa
cassava,1,cassava
checkout,1,checkout
cheeses,1,cheeses
cháon,1,cháon
chunh,1,chunh
chn,1,chn
chocoflan,1,chocoflan
choices,1,choices
cholimex,1,cholimex
chooclate,1,chooclate
chr,1,chr
chtm,1,chtm
chuac,1,chuac
chugn,1,chugn
chuong,1,chuong
cheesetime,1,cheesetime
chuot,1,chuot
chuq,1,chuq
chuyêm,1,chuyêm
chuảa,1,chuảa
chuản,1,chuản
chv,1,chv
chya,1,chya
chym,1,chym
chánn,1,chánn
chk,1,chk
chj,1,chj
chiênởđâyăn,1,chiênởđâyăn
chièu,1,chièu
cheeze,1,cheeze
cheezy,1,cheezy
chefs,1,chefs
chek,1,chek
chekhucbach,1,chekhucbach
chelf,1,chelf
cheshi,1,cheshi
chesses,1,chesses
chez,1,chez
chho,1,chho
chiang,1,chiang
chiaw,1,chiaw
chickens,1,chickens
chie,1,chie
chik,1,chik
chilli,1,chilli
chinsu,1,chinsu
chipai,1,chipai
chizza,1,chizza
hổne,1,hổne
hớ,1,hớ
republik,1,republik
nkt,1,nkt
nhịêt,1,nhịêt
nhứo,1,nhứo
nhữg,1,nhữg
nijyu,1,nijyu
nilom,1,nilom
niloong,1,niloong
ninheating,1,ninheating
nisng,1,nisng
niti,1,niti
nl,1,nl
nhấtđịnh,1,nhấtđịnh
nnao,1,nnao
nnghen,1,nnghen
nngon,1,nngon
noid,1,noid
nois,1,nois
nollowa,1,nollowa
nomnomnom,1,nomnomnom
noo,1,noo
notes,1,notes
nhịet,1,nhịet
nhấtt,1,nhấtt
nhiềi,1,nhiềi
nhuwnh,1,nhuwnh
nhm,1,nhm
nhot,1,nhot
nhqf,1,nhqf
nhs,1,nhs
nhtj,1,nhtj
nhuang,1,nhuang
nhucnhaqua,1,nhucnhaqua
nhue,1,nhue
nhuw,1,nhuw
nhuều,1,nhuều
nhưngko,1,nhưngko
nhv,1,nhv
nhw,1,nhw
nhwng,1,nhwng
nhywng,1,nhywng
nhàlàm,1,nhàlàm
nhádt,1,nhádt
nhâ,1,nhâ
nhóe,1,nhóe
nhõmởđây,1,nhõmởđây
noticably,1,noticably
notra,1,notra
nowfoodyep,1,nowfoodyep
nưỡ,1,nưỡ
ní,1,ní
ný,1,ný
nămf,1,nămf
năp,1,năp
nư,1,nư
nưaz,1,nưaz
nươca,1,nươca
nướ,1,nướ
nướnh,1,nướnh
nằmn,1,nằmn
nox,1,nox
nẻ,1,nẻ
nệ,1,nệ
nị,1,nị
nỏii,1,nỏii
nố,1,nố
nỗ,1,nỗ
nờ,1,nờ
nủ,1,nủ
nứic,1,nứic
nì,1,nì
nênn,1,nênn
nêma,1,nêma
nèk,1,nèk
nqnkn,1,nqnkn
nsl,1,nsl
ntt,1,ntt
ntđ,1,ntđ
nudget,1,nudget
nuggest,1,nuggest
nulleta,1,nulleta
nuoc,1,nuoc
nuosng,1,nuosng
nutela,1,nutela
nutmilk,1,nutmilk
nuvola,1,nuvola
nvya,1,nvya
nvậy,1,nvậy
nxét,1,nxét
nyc,1,nyc
nàythấy,1,nàythấy
nàyăn,1,nàyăn
nât,1,nât
nhiềuđồăn,1,nhiềuđồăn
nhiêug,1,nhiêug
hợpkhẩu,1,hợpkhẩu
ngayy,1,ngayy
neko,1,neko
nemnấm,1,nemnấm
nesu,1,nesu
netflix,1,netflix
newday,1,newday
newfeed,1,newfeed
newzealand,1,newzealand
ngag,1,ngag
ngaoif,1,ngaoif
nghic,1,nghic
neh,1,neh
nghiep,1,nghiep
nghir,1,nghir
nghiẹm,1,nghiẹm
nghoét,1,nghoét
nghà,1,nghà
nghĩii,1,nghĩii
ngiện,1,ngiện
ngn,1,ngn
ngoann,1,ngoann
nek,1,nek
nchú,1,nchú
nhiêth,1,nhiêth
nago,1,nago
mẫ,1,mẫ
mắmnên,1,mắmnên
mệ,1,mệ
mịe,1,mịe
mịnhf,1,mịnhf
mỏ,1,mỏ
mợ,1,mợ
mừnh,1,mừnh
mỷ,1,mỷ
nah,1,nah
nchn,1,nchn
abeo,1,abeo
nakatu,1,nakatu
nanban,1,nanban
naoa,1,naoa
napkins,1,napkins
nauy,1,nauy
nayd,1,nayd
nbaan,1,nbaan
nchg,1,nchg
ngocsfood,1,ngocsfood
ngogach,1,ngogach
ngonm,1,ngonm
nhf,1,nhf
ngọai,1,ngọai
ngồii,1,ngồii
ngờời,1,ngờời
ngừời,1,ngừời
nhahip,1,nhahip
nhatcuongmobile,1,nhatcuongmobile
nheaa,1,nheaa
nhed,1,nhed
nhemm,1,nhemm
nhgma,1,nhgma
ngooài,1,ngooài
nhhóm,1,nhhóm
nhieduf,1,nhieduf
nhiem,1,nhiem
nhien,1,nhien
nhieu,1,nhieu
nhiw,1,nhiw
nhiws,1,nhiws
nhièu,1,nhièu
nhiêta,1,nhiêta
ngậyy,1,ngậyy
ngấyy,1,ngấyy
ngườinam,1,ngườinam
ngươì,1,ngươì
ngoàiđếnăn,1,ngoàiđếnăn
ngoăc,1,ngoăc
ngpn,1,ngpn
nguco,1,nguco
nguuời,1,nguuời
nguwoif,1,nguwoif
nguyenvanloc,1,nguyenvanloc
nguyêb,1,nguyêb
nguyênn,1,nguyênn
nguơì,1,nguơì
ngxua,1,ngxua
ngya,1,ngya
ngâyh,1,ngâyh
ngìn,1,ngìn
ngòii,1,ngòii
ngóe,1,ngóe
ngưoi,1,ngưoi
ngưt,1,ngưt
ngươig,1,ngươig
nứoc,1,nứoc
nứoeng,1,nứoeng
nữaa,1,nữaa
pura,1,pura
prettchesee,1,prettchesee
prices,1,prices
pricey,1,pricey
proactive,1,proactive
propercorn,1,propercorn
pt,1,pt
puddingl,1,puddingl
pulao,1,pulao
pumin,1,pumin
purcgase,1,purcgase
pre,1,pre
pushed,1,pushed
puđing,1,puđing
pvc,1,pvc
pzza,1,pzza
pà,1,pà
pã,1,pã
pé,1,pé
pêcan,1,pêcan
púdding,1,púdding
prettcheese,1,prettcheese
pqxuiqqru,1,pqxuiqqru
nự,1,nự
po,1,po
pizzahut,1,pizzahut
pizzapompeii,1,pizzapompeii
plates,1,plates
playfoodwithlinh,1,playfoodwithlinh
pleased,1,pleased
pls,1,pls
plss,1,plss
pmai,1,pmai
pnói,1,pnói
pongdang,1,pongdang
pqa,1,pqa
popayes,1,popayes
popcom,1,popcom
poppye,1,poppye
porks,1,porks
posedon,1,posedon
potterhead,1,potterhead
pozaatea,1,pozaatea
pozaateavn,1,pozaateavn
poéidon,1,poéidon
pđb,1,pđb
pđp,1,pđp
pơ,1,pơ
rec,1,rec
qđịnh,1,qđịnh
qưn,1,qưn
qẩy,1,qẩy
qế,1,qế
raat,1,raat
raats,1,raats
rasberry,1,rasberry
rcufng,1,rcufng
reaally,1,reaally
reccommend,1,reccommend
qan,1,qan
recomend,1,recomend
recomended,1,recomended
recoment,1,recoment
recommed,1,recommed
recommen,1,recommen
recommened,1,recommened
redsun,1,redsun
redvlet,1,redvlet
refused,1,refused
qyán,1,qyán
qyá,1,qyá
quôc,1,quôc
quâ,1,quâ
qay,1,qay
qc,1,qc
qdinh,1,qdinh
qg,1,qg
qly,1,qly
qqua,1,qqua
qr,1,qr
qtrog,1,qtrog
qu,1,qu
quadn,1,quadn
quallity,1,quallity
quandep,1,quandep
quans,1,quans
quantrym,1,quantrym
quas,1,quas
quotes,1,quotes
qur,1,qur
quyêt,1,quyêt
quánăn,1,quánăn
pizz,1,pizz
pipeapple,1,pipeapple
pio,1,pio
opption,1,opption
okt,1,okt
ol,1,ol
oliu,1,oliu
omachi,1,omachi
omai,1,omai
omely,1,omely
omiru,1,omiru
ootd,1,ootd
op,1,op
ordor,1,ordor
pancha,1,pancha
origional,1,origional
ot,1,ot
otofun,1,otofun
owii,1,owii
owr,1,owr
oxi,1,oxi
oyakodon,1,oyakodon
oẻ,1,oẻ
paid,1,paid
oklah,1,oklah
okila,1,okila
okielaa,1,okielaa
okiela,1,okiela
nỳ,1,nỳ
oaoa,1,oaoa
ob,1,ob
oc,1,oc
oce,1,oce
ocnanghai,1,ocnanghai
offered,1,offered
oha,1,oha
ohair,1,ohair
ohari,1,ohari
ohim,1,ohim
ohkay,1,ohkay
ohuf,1,ohuf
oia,1,oia
oinr,1,oinr
ojk,1,ojk
okayy,1,okayy
okelala,1,okelala
okeyy,1,okeyy
palchan,1,palchan
pannacotta,1,pannacotta
pingpang,1,pingpang
phujc,1,phujc
phomat,1,phomat
phongcachphap,1,phongcachphap
phonh,1,phonh
photooftheday,1,photooftheday
photoshop,1,photoshop
phphải,1,phphải
phucj,1,phucj
phucvunhanh,1,phucvunhanh
phuddinh,1,phuddinh
phât,1,phât
pans,1,pans
phâỉ,1,phâỉ
phêtd,1,phêtd
phómi,1,phómi
phơt,1,phơt
phẩmm,1,phẩmm
phửo,1,phửo
piadian,1,piadian
pickled,1,pickled
pinchos,1,pinchos
phomaiwe,1,phomaiwe
phog,1,phog
phiá,1,phiá
phio,1,phio
paparoti,1,paparoti
parisbaguette,1,parisbaguette
parkistan,1,parkistan
parkson,1,parkson
partise,1,partise
pasra,1,pasra
passwifi,1,passwifi
patbingsu,1,patbingsu
patengon,1,patengon
pattaya,1,pattaya
pcc,1,pcc
pcs,1,pcs
pctn,1,pctn
pdl,1,pdl
peperoni,1,peperoni
perfet,1,perfet
pessi,1,pessi
phair,1,phair
phindi,1,phindi
mấtt,1,mấtt
mả,1,mả
mạg,1,mạg
kucs,1,kucs
korroke,1,korroke
kosmo,1,kosmo
kotobuki,1,kotobuki
kowloon,1,kowloon
kph,1,kph
kpit,1,kpit
kqtam,1,kqtam
krabi,1,krabi
ksx,1,ksx
kum,1,kum
koreno,1,koreno
kuowngj,1,kuowngj
kx,1,kx
ky,1,ky
kyoto,1,kyoto
ká,1,ká
kòi,1,kòi
kông,1,kông
kút,1,kút
kđt,1,kđt
korma,1,korma
kone,1,kone
lotterie,1,lotterie
kjip,1,kjip
kimpab,1,kimpab
kimsushi,1,kimsushi
kingbbq,1,kingbbq
kinhdo,1,kinhdo
kintaro,1,kintaro
kisu,1,kisu
kiém,1,kiém
kjan,1,kjan
kjhacs,1,kjhacs
kjnh,1,kjnh
koifood,1,koifood
kkhas,1,kkhas
kkhu,1,kkhu
kkia,1,kkia
kko,1,kko
klq,1,klq
kmart,1,kmart
kngh,1,kngh
knows,1,knows
kog,1,kog
kỳyy,1,kỳyy
kỵ,1,kỵ
laatu,1,laatu
lms,1,lms
likeforlikes,1,likeforlikes
lingering,1,lingering
linhchimm,1,linhchimm
linhfood,1,linhfood
liptop,1,liptop
lièn,1,lièn
liẹu,1,liẹu
llorca,1,llorca
lma,1,lma
lnay,1,lnay
laf,1,laf
locals,1,locals
lochj,1,lochj
locki,1,locki
lofita,1,lofita
logi,1,logi
loki,1,loki
lokng,1,lokng
longg,1,longg
longnf,1,longnf
lifted,1,lifted
lienminhcongly,1,lienminhcongly
liem,1,liem
lhucj,1,lhucj
lah,1,lah
laii,1,laii
laj,1,laj
lajinhưng,1,lajinhưng
laksa,1,laksa
lalafood,1,lalafood
lamaca,1,lamaca
lamg,1,lamg
larue,1,larue
lasiesta,1,lasiesta
lauech,1,lauech
lauthaihaisan,1,lauthaihaisan
lautok,1,lautok
lcm,1,lcm
ld,1,ld
legarden,1,legarden
legs,1,legs
lesh,1,lesh
lhas,1,lhas
kih,1,kih
kig,1,kig
kiem,1,kiem
jotako,1,jotako
jeju,1,jeju
jellybee,1,jellybee
jely,1,jely
jeonbok,1,jeonbok
jery,1,jery
jh,1,jh
jninbadinh,1,jninbadinh
jninhaibatrung,1,jninhaibatrung
jo,1,jo
jr,1,jr
karahi,1,karahi
jrink,1,jrink
juco,1,juco
julee,1,julee
juzu,1,juzu
kahari,1,kahari
kahi,1,kahi
kalina,1,kalina
kangkong,1,kangkong
kao,1,kao
jax,1,jax
jasmin,1,jasmin
japanesefood,1,japanesefood
jamza,1,jamza
hữ,1,hữ
icream,1,icream
id,1,id
ielts,1,ielts
iemr,1,iemr
ig,1,ig
ihay,1,ihay
ik,1,ik
indochina,1,indochina
infini,1,infini
innisfree,1,innisfree
ins,1,ins
instaeat,1,instaeat
instagramer,1,instagramer
instayum,1,instayum
issues,1,issues
ive,1,ive
iz,1,iz
izakya,1,izakya
kar,1,kar
karigori,1,karigori
kidsmart,1,kidsmart
khônf,1,khônf
khoảg,1,khoảg
khsan,1,khsan
khsao,1,khsao
khuong,1,khuong
khuyen,1,khuyen
khuyênd,1,khuyênd
khád,1,khád
khávh,1,khávh
kháđơn,1,kháđơn
khônng,1,khônng
karoke,1,karoke
khăc,1,khăc
khảua,1,khảua
khấ,1,khấ
khắch,1,khắch
khỏang,1,khỏang
khủg,1,khủg
kiaa,1,kiaa
kiam,1,kiam
kichikichi,1,kichikichi
khoogn,1,khoogn
khois,1,khois
khoheongon,1,khoheongon
khoarnr,1,khoarnr
kazekaze,1,kazekaze
kbaoh,1,kbaoh
kbjo,1,kbjo
kc,1,kc
kchi,1,kchi
kd,1,kd
keang,1,keang
kei,1,kei
kemf,1,kemf
kf,1,kf
kfood,1,kfood
kgas,1,kgas
khachs,1,khachs
khas,1,khas
khgian,1,khgian
khiens,1,khiens
khing,1,khing
khoaikhau,1,khoaikhau
khoangr,1,khoangr
looks,1,looks
loved,1,loved
mạctháitổ,1,mạctháitổ
miri,1,miri
milano,1,milano
milou,1,milou
minhao,1,minhao
minhf,1,minhf
minhg,1,minhg
minigame,1,minigame
minutes,1,minutes
mirai,1,mirai
miraiizakaya,1,miraiizakaya
mirin,1,mirin
mif,1,mif
mirine,1,mirine
misaghi,1,misaghi
mivanthan,1,mivanthan
mixfood,1,mixfood
miéng,1,miéng
miêmgj,1,miêmgj
miẹng,1,miẹng
miếnh,1,miếnh
mja,1,mja
mika,1,mika
midori,1,midori
loviest,1,loviest
meete,1,meete
mb,1,mb
mcdonal,1,mcdonal
mchef,1,mchef
meantwinsfood,1,meantwinsfood
meatball,1,meatball
meatlovers,1,meatlovers
med,1,med
medu,1,medu
mee,1,mee
megamall,1,megamall
midnh,1,midnh
mehico,1,mehico
merri,1,merri
metanvat,1,metanvat
mfinh,1,mfinh
mgon,1,mgon
mhi,1,mhi
mhieefu,1,mhieefu
mhìn,1,mhìn
mic,1,mic
mjnhf,1,mjnhf
mkt,1,mkt
moca,1,moca
mónăn,1,mónăn
mé,1,mé
mìng,1,mìng
mìnhh,1,mìnhh
mìnhđi,1,mìnhđi
mìnhđiăn,1,mìnhđiăn
mìnhđể,1,mìnhđể
mìnn,1,mìnn
míêng,1,míêng
mónhue,1,mónhue
môtip,1,môtip
moeis,1,moeis
mùu,1,mùu
mú,1,mú
măc,1,măc
mănj,1,mănj
mđích,1,mđích
mĩx,1,mĩx
mơx,1,mơx
mưc,1,mưc
mươt,1,mươt
mãii,1,mãii
mâý,1,mâý
mátcha,1,mátcha
máa,1,máa
moiix,1,moiix
mojitea,1,mojitea
momg,1,momg
mouj,1,mouj
movj,1,movj
muac,1,muac
muachung,1,muachung
muc,1,muc
mukbang,1,mukbang
muì,1,muì
muói,1,muói
mw,1,mw
mxh,1,mxh
mydeli,1,mydeli
mytom,1,mytom
màaa,1,màaa
màlà,1,màlà
màđến,1,màđến
màưng,1,màưng
mayonese,1,mayonese
mayonesai,1,mayonesai
mayon,1,mayon
lđc,1,lđc
lòe,1,lòe
lòg,1,lòg
lòngtrần,1,lòngtrần
lóa,1,lóa
lôg,1,lôg
lõ,1,lõ
lă,1,lă
lăms,1,lăms
lđ,1,lđ
lđt,1,lđt
lạnhh,1,lạnhh
lũy,1,lũy
lưta,1,lưta
lươif,1,lươif
lươngh,1,lươngh
lươngj,1,lươngj
lườiz,1,lườiz
lượnc,1,lượnc
lạiđể,1,lạiđể
lạiđểđược,1,lạiđểđược
lâbf,1,lâbf
làđiđổi,1,làđiđổi
làij,1,làij
luọng,1,luọng
lovjng,1,lovjng
lowcab,1,lowcab
lowcard,1,lowcard
lozihcm,1,lozihcm
lozivietnam,1,lozivietnam
lt,1,lt
ltk,1,ltk
ltrc,1,ltrc
lumchef,1,lumchef
lunches,1,lunches
lunchset,1,lunchset
lunchtime,1,lunchtime
luoc,1,luoc
lureviewtrasua,1,lureviewtrasua
luv,1,luv
luóng,1,luóng
luô,1,luô
luônaj,1,luônaj
luôncó,1,luôncó
lạj,1,lạj
lạoi,1,lạoi
maxiburger,1,maxiburger
manyo,1,manyo
maintained,1,maintained
maiyonaise,1,maiyonaise
maiyone,1,maiyone
mak,1,mak
makeup,1,makeup
mami,1,mami
mandoo,1,mandoo
manocanh,1,manocanh
manon,1,manon
maps,1,maps
lảbtả,1,lảbtả
marks,1,marks
marriot,1,marriot
marshmallows,1,marshmallows
mashalow,1,mashalow
mashmalow,1,mashmalow
mastcha,1,mastcha
masterchef,1,masterchef
matchiato,1,matchiato
matchmisu,1,matchmisu
mainstream,1,mainstream
maii,1,maii
maggi,1,maggi
madeinvn,1,madeinvn
lầ,1,lầ
lẩi,1,lẩi
lẩuhảisảntomato,1,lẩuhảisảntomato
lắmạ,1,lắmạ
lể,1,lể
lệc,1,lệc
lọcncx,1,lọcncx
lổ,1,lổ
lụo,1,lụo
lừoi,1,lừoi
lựac,1,lựac
lựong,1,lựong
lỳ,1,lỳ
macada,1,macada
machiatto,1,machiatto
machinco,1,machinco
machino,1,machino
madarin,1,madarin
madebyvii,1,madebyvii
𝙎𝙖𝙢,1,𝙎𝙖𝙢
